time_ms,L7,L6,L5,L4,L3,L2,L1,R7,R6,R5,R4,R3,R2,R1,
21641,33143,34743,32528,34885,20587,22606,33488,31830,29409,16656,29263,27679,27925,28434,
21692,33172,34752,32514,34899,20617,22607,33516,31870,29417,16656,29250,27745,27902,28455,
21743,33173,34729,32521,34940,20617,22578,33502,31871,29417,16663,29214,27694,27925,28470,
21794,33115,34706,32564,34906,20588,22614,33523,31870,29425,16670,29215,27723,27894,28469,
21845,33086,34744,32550,34940,20588,22600,33509,31825,29417,16642,29235,27745,27971,28455,
21897,33180,34697,32521,34906,20588,22585,33515,31823,29418,16663,29214,27730,27901,28462,
21948,33130,34744,32521,34947,20603,22628,33509,31839,29396,16684,29207,27694,27925,28448,
21999,33129,34721,32507,34920,20603,22607,33516,31824,29460,16607,29214,27723,27902,28469,
22050,33072,34728,32536,34906,20617,22614,33516,31824,29403,16642,29221,27708,27909,28462,
22101,33114,34736,32492,34960,20595,22578,33509,31824,29417,16628,29235,27702,27925,28448,
22152,33129,34729,32528,34946,20602,22585,33516,31824,29424,16628,29207,27730,27940,28456,
22203,33136,34674,32507,34906,20603,22599,33523,31848,29403,16656,29193,27701,27933,28469,
22254,33143,34728,32557,34906,20610,22607,33509,31862,29529,16663,29235,27701,27925,28455,
22305,33099,34751,32529,34940,20610,22600,33509,31832,29432,16614,29221,27759,27910,28448,
22356,33100,34682,32557,34920,20580,22593,33509,31877,29438,16642,29221,27723,27894,28455,
22407,33122,34736,32543,34852,20602,22592,33523,31823,29445,16621,29214,27701,27910,28469,
22458,33115,34759,32543,34818,20603,22585,33522,31816,29452,16628,29243,27708,27902,28455,
22509,33121,34712,32492,34756,20565,22621,33523,31855,29480,16663,29200,27694,27917,28448,
22560,33114,34759,32500,34879,20588,22586,33516,31855,29432,16635,29214,27694,27963,28448,
22611,33145,34705,32565,34900,20580,22649,33509,31801,29445,16691,29278,27715,27948,28448,
22662,33137,34689,32515,34926,20617,22600,33509,31862,29417,16642,29221,27701,27986,28462,
22713,33129,34759,32579,34940,20588,22585,33495,31847,29501,16628,29228,27730,27948,28462,
22764,33115,34767,32521,34926,20602,22585,33516,31831,29452,16628,29235,27701,27887,28455,
22815,33093,34721,32550,34974,20603,22600,33537,31871,29417,16621,29207,27701,27933,28448,
22865,33129,34728,32571,34946,20543,22521,33536,31855,29417,16621,29221,27716,27940,28448,
22920,33151,34728,32572,34974,20565,22606,33530,31839,29411,16684,29243,27716,27917,28441,
22979,33108,34791,32536,34892,20588,22607,33516,31847,29494,16713,29306,27701,28001,28462,
23030,33165,34728,32543,34953,20573,22621,33516,31847,29425,16663,29256,27709,27894,28469,
23081,33144,34736,32536,34967,20565,22592,33516,31840,29453,16628,29249,27716,27902,28462,
23132,33144,34752,32549,34947,20595,22628,33529,31594,29235,16600,29257,27737,27910,28448,
23184,33144,34767,32550,34912,20580,22628,33530,31518,29249,16621,29242,27723,27894,28462,
23235,33093,34751,32594,34987,20588,22578,33502,31648,29291,16635,29214,27759,28193,28630,
23286,33100,34735,32565,34960,20588,22628,33529,31816,29467,16621,29307,27658,27856,28490,
23338,33158,34759,32528,34981,20558,22585,33523,31848,29430,16670,29214,27802,27971,28455,
23388,33108,34744,32543,34940,20602,22571,33523,31832,29425,16628,29207,27709,27879,28448,
23440,33121,34805,32543,34920,20595,22564,33509,31840,29431,16607,29214,27781,27871,28462,
23490,33136,34736,32557,34995,20595,22578,33523,31916,29403,16607,29157,27773,27948,28315,
23542,33173,34790,32579,34892,20595,22600,33516,31924,29411,16600,29207,27737,27779,28315,
23593,33158,34783,32601,34919,20573,22635,33516,31856,29433,16628,29298,27651,27657,28364,
23644,33144,34728,32572,34994,20558,22614,33516,31870,29452,16607,29250,27680,27887,28469,
23719,33130,34736,32557,34933,20588,22592,33516,31832,29403,16614,29214,27701,27909,28469,
23796,33130,34752,32579,34988,20602,22635,33523,31878,29445,16635,29214,27694,27918,28469,
23847,33158,34766,32543,34912,20573,22614,33516,31871,29410,16621,29221,27716,27887,28462,
23898,33166,34767,32557,34940,20588,22621,33529,31862,29410,16649,29193,27744,27910,28462,
23949,33166,34798,32529,34947,20587,22600,33523,31839,29439,16628,29257,27708,27917,28455,
24000,33137,34767,32543,34960,20588,22600,33544,31777,29333,16670,29249,27687,27925,28448,
24051,33100,34775,32536,34933,20573,22606,33544,31747,29340,16642,29285,27730,27887,28469,
24103,33137,34767,32543,34994,20610,22592,33516,32001,29480,16628,29214,27723,27909,28441,
24153,33116,34736,32550,34947,20588,22621,33529,32115,29516,16670,29200,27737,27925,28455,
24204,33158,34736,32535,34906,20602,22635,33509,31993,29446,16656,29242,27723,27909,28441,
24255,33143,34713,32579,34926,20595,22607,33516,31847,29382,16656,29235,27730,27887,28441,
24306,33151,34744,32528,34920,20595,22663,33571,31969,29417,16621,29221,27752,27902,28455,
24357,33136,34751,32543,34899,20580,22621,33530,32039,29446,16670,29235,27709,27894,28448,
24407,33136,34759,32565,34913,20610,22635,33509,31954,29445,16656,29200,27709,27956,28455,
24458,33151,34775,32572,34954,20558,22599,33523,32070,29460,16614,29214,27723,27894,28434,
24510,33123,34735,32543,34933,20588,22571,33537,32822,29481,16628,29235,27716,27894,28455,
24560,33070,34697,32557,34926,20580,22585,33516,33290,29537,16656,29200,27701,27909,28462,
24612,33144,34760,32529,34920,20580,22621,33523,34019,29579,16621,29214,27716,27902,28455,
24663,33137,34783,32543,34927,20580,22628,33495,34326,29663,16699,29242,27716,27909,28476,
24714,33158,34790,32579,34933,20588,22649,33399,33736,29579,16713,29228,27723,27886,28455,
24765,33150,34775,32557,34960,20573,22585,33502,33789,29608,16706,29242,27701,27894,28448,
24816,33129,34744,32536,34933,20588,22628,33523,34856,29860,16699,29199,27708,27910,28455,
24866,33108,34728,32557,34906,20558,22600,33509,37143,30169,16748,29207,27673,27940,28462,
24917,33137,34782,32557,34987,20595,22599,33495,41834,30920,16784,29341,27651,27894,28504,
24968,33144,34775,32593,34926,20580,22621,33502,43969,31102,16755,29433,27673,27947,28490,
25019,33158,34751,32564,34906,20595,22606,33523,45882,31074,16727,29398,27672,27894,28476,
25071,33165,34752,32528,34919,20565,22606,33523,47710,30969,16762,29419,27687,27932,28476,
25122,33145,34736,32579,34947,20580,22600,33516,45324,30738,16734,29404,27709,27894,28490,
25173,33137,34759,32623,34940,20588,22593,33509,38882,29937,16642,29292,27752,27978,28455,
25223,33101,34728,32586,34933,20602,22663,33530,33437,29635,16649,29228,27694,27917,28448,
25274,33144,34720,32543,34940,20587,22599,33502,32298,29544,16720,29263,27709,27901,28462,
25325,33144,34758,32594,34974,20595,22621,33523,32151,29500,16706,29249,27701,27932,28455,
25376,33173,34744,32579,34940,20573,22635,33536,32074,29486,16649,29221,27708,27917,28448,
25427,33108,34790,32557,34926,20565,22613,33523,31997,29494,16635,29242,27716,27886,28455,
25478,33121,34744,32521,34960,20587,22607,33523,31966,29501,16621,29221,27737,27894,28455,
25528,33151,34728,32542,34926,20588,22614,33516,31982,29451,16706,29228,27701,27917,28448,
25580,33121,34759,32550,34926,20588,22599,33523,31959,29487,16684,29235,27701,27909,28476,
25631,33108,34767,32550,34940,20588,22599,33530,31951,29466,16642,29221,27701,27909,28441,
25682,33121,34759,32557,34900,20602,22614,33509,31989,29536,16656,29228,27715,27948,28462,
25733,33144,34790,32529,34953,20595,22592,33530,31936,29452,16663,29221,27701,27924,28448,
25784,33122,34790,32550,34947,20603,22621,33530,31913,29474,16677,29242,27708,27894,28455,
25835,33151,34744,32535,34920,20588,22607,33523,31913,29445,16656,29221,27745,27902,28462,
25886,33122,34743,32586,34994,20595,22614,33516,31928,29438,16628,29257,27752,27887,28427,
25938,33101,34736,32543,34988,20580,22614,33523,31944,29514,16635,29264,27701,27886,28448,
25989,33130,34728,32600,34913,20595,22592,33516,31905,29432,16656,29214,27709,27894,28462,
26040,33216,34751,32601,34953,20587,22592,33509,31936,29473,16713,29243,27708,27894,28455,
26090,33137,34736,32565,34913,20602,22606,33523,31891,29452,16706,29263,27723,27917,28455,
26141,33129,34775,32571,34906,20588,22571,33523,31906,29424,16685,29242,27708,27917,28455,
26192,33116,34728,32536,34920,20602,22600,33516,31890,29473,16642,29207,27716,27901,28448,
26243,33166,34775,32535,34913,20588,22635,33523,31913,29438,16635,29264,27723,27902,28441,
26293,33151,34744,32535,34947,20587,22592,33530,31890,29445,16614,29242,27701,27909,28448,
26344,33223,34751,32579,34981,20602,22621,33523,31959,29466,16642,29214,27737,28009,28462,
26395,33093,34790,32572,34953,20587,22607,33516,31906,29423,16600,29221,27716,27994,28441,
26445,33130,34744,32536,34947,20588,22599,33523,31944,29446,16628,29270,27687,27886,28448,
26496,33115,34782,32586,34926,20588,22578,33523,31913,29466,16656,29220,27716,27887,28463,
26548,33158,34775,32550,34926,20580,22621,33529,31898,29430,16649,29200,27716,27917,28455,
26599,33158,34744,32557,34960,20595,22585,33523,31959,29509,16663,29228,27723,27917,28455,
26649,33165,34807,32535,34947,20595,22656,33523,31906,29445,16635,29235,27723,27894,28448,
26701,33107,34744,32586,34953,20580,22607,33530,31913,29431,16614,29256,27694,27925,28455,
26752,33094,34759,32586,34960,20573,22614,33516,31913,29459,16606,29215,27694,27910,28448,
26803,33158,34768,32572,34906,20595,22621,33516,31921,29417,16656,29250,27730,27963,28462,
26854,33121,34736,32578,34947,20580,22621,33523,31906,29445,16656,29235,27701,27886,28462,
26904,33151,34775,32521,34960,20580,22585,33516,31921,29417,16677,29221,27709,27871,28448,
26955,33172,34767,32536,34947,20580,22578,33516,31959,29437,16621,29214,27731,27917,28469,
27006,33166,34729,32565,34933,20610,22621,33523,31898,29458,16642,29200,27716,27902,28448,
27057,33108,34760,32601,34960,20595,22578,33509,31921,29451,16663,29235,27694,27894,28441,
27108,33158,34744,32535,34995,20587,22607,33523,31921,29417,16663,29291,27694,27879,28469,
27159,33100,34705,32544,34968,20573,22592,33530,31921,29438,16628,29221,27723,27894,28462,
27209,33101,34720,32578,34899,20595,22635,33509,31891,29431,16621,29214,27716,27879,28469,
27260,33136,34743,32536,34967,20573,22578,33537,31952,29446,16663,29228,27701,27879,28455,
27311,33122,34791,32551,34968,20573,22606,33523,31913,29479,16663,29263,27730,27925,28448,
27362,33115,34728,32593,34988,20580,22614,33523,31936,29431,16628,29242,27730,27894,28469,
27413,33101,34798,32564,34927,20603,22635,33516,31897,29445,16607,29221,27708,27918,28455,
27463,33115,34775,32558,34912,20595,22607,33516,31898,29430,16649,29243,27751,27925,28462,
27514,33158,34728,32535,34933,20580,22592,33523,31898,29452,16649,29242,27694,27902,28462,
27565,33123,34737,32557,34913,20580,22614,33523,31921,29446,16628,29271,27708,27902,28476,
27616,33122,34783,32579,34920,20587,22621,33523,31930,29445,16656,29214,27737,27910,28462,
27667,33093,34775,32551,34913,20588,22635,33516,31882,29466,16635,29263,27723,27955,28455,
27718,33116,34744,32550,34913,20595,22606,33516,31890,29431,16628,29221,27709,27932,28455,
27769,33115,34813,32550,34906,20580,22635,33523,31967,29424,16642,29235,27715,27925,28462,
27819,33143,34752,32572,34906,20580,22614,33530,31890,29445,16635,29249,27701,27902,28455,
27871,33122,34751,32543,34913,20565,22592,33516,31898,29409,16663,29235,27716,27887,28448,
27923,33137,34759,32565,34947,20580,22592,33530,31891,29432,16621,29228,27723,27932,28455,
27974,33160,34806,32535,34913,20580,22614,33516,31890,29515,16649,29235,27701,27902,28441,
28024,33107,34783,32557,34987,20588,22592,33530,31913,29459,16614,29242,27737,27887,28462,
28075,33159,34751,32528,34967,20617,22614,33502,31913,29474,16621,29263,27759,27909,28455,
28126,33158,34712,32594,34927,20595,22621,33530,31929,29459,16663,29214,27694,27879,28448,
28177,33100,34744,32543,34974,20588,22606,33516,31913,29431,16642,29193,27716,27902,28455,
28228,33151,34775,32543,34920,20580,22607,33516,31966,29445,16684,29214,27716,27902,28455,
28279,33152,34806,32550,34926,20610,22592,33516,31875,29424,16684,29228,27723,27879,28469,
28330,33100,34713,32571,34913,20587,22578,33530,31890,29431,16677,29256,27708,27948,28462,
28382,33100,34744,32535,34947,20565,22614,33523,31882,29438,16621,29263,27716,27902,28470,
28433,33100,34798,32550,34927,20573,22585,33537,31898,29431,16663,29292,27701,27925,28455,
28484,33101,34728,32543,34960,20565,22585,33523,31913,29438,16628,29221,27701,27909,28462,
28535,33144,34728,32529,34960,20580,22649,33515,31882,29487,16621,29242,27716,27894,28441,
28586,33145,34744,32543,34947,20595,22642,33516,31906,29544,16656,29263,27737,27894,28462,
28637,33129,34720,32543,34954,20573,22593,33516,31906,29431,16628,29228,27694,27902,28456,
28689,33194,34751,32550,35008,20588,22635,33516,31867,29501,16642,29221,27687,27886,28455,
28740,33181,34767,32529,34947,20595,22585,33516,31897,29424,16706,29228,27737,27940,28448,
28791,33115,34767,32543,34927,20588,22614,33509,31899,29466,16663,29236,27766,27909,28455,
28846,33123,34720,32586,34988,20565,22600,33516,31898,29452,16635,29242,27723,27909,28476,
28904,33130,34760,32536,34927,20602,22564,33543,31952,29424,16663,29221,27730,27902,28483,
28955,33094,34744,32550,34906,20580,22635,33516,31898,29501,16663,29235,27723,27917,28469,
29006,33152,34736,32601,34947,20588,22635,33523,31891,29424,16706,29207,27723,27963,28455,
29057,33231,34752,32543,34913,20588,22628,33510,31922,29445,16621,29235,27716,27909,28455,
29108,33115,34829,32615,34981,20573,22656,33530,31891,29437,16635,29242,27708,27902,28455,
29159,33137,34767,32593,34995,20587,22621,33530,31921,29437,16628,29214,27730,27894,28448,
29210,33158,34759,32550,34933,20588,22606,33523,31883,29437,16628,29250,27701,27940,28448,
29261,33101,34775,32550,34960,20595,22635,33537,31898,29424,16649,29221,27730,27894,28448,
29312,33100,34775,32536,34933,20588,22585,33516,31898,29487,16607,29249,27716,27932,28448,
29362,33144,34814,32550,34879,20588,22621,33530,31883,29438,16621,29207,27716,27910,28455,
29414,33130,34728,32543,34927,20588,22592,33537,31883,29452,16677,29242,27708,27886,28455,
29464,33108,34752,32543,34934,20595,22621,33516,31913,29424,16670,29278,27680,27909,28455,
29515,33129,34736,32535,34913,20610,22599,33509,31928,29430,16677,29235,27716,27895,28448,
29567,33079,34767,32593,34920,20588,22592,33516,31876,29438,16670,29214,27715,27902,28448,
29618,33137,34752,32543,34933,20587,22571,33530,31898,29473,16656,29221,27687,27909,28448,
29669,33144,34713,32536,34953,20595,22599,33530,31945,29493,16628,29235,27744,27894,28448,
29720,33145,34736,32580,34899,20588,22614,33516,31890,29423,16628,29228,27737,27909,28448,
29771,33100,34752,32528,34961,20588,22564,33516,31890,29438,16614,29249,27702,27971,28456,
29822,33165,34728,32543,34940,20602,22585,33537,31906,29500,16649,29270,27716,27909,28469,
29872,33093,34760,32543,34947,20617,22593,33516,31913,29431,16642,29228,27722,27909,28455,
29923,33093,34744,32536,34960,20595,22564,33516,31883,29459,16670,29271,27716,27902,28463,
29975,33144,34744,32536,34961,20580,22571,33523,31929,29410,16614,29249,27708,27932,28455,
30025,33115,34822,32536,34913,20580,22593,33516,31913,29472,16684,29235,27766,27901,28462,
30076,33159,34737,32544,34940,20573,22599,33509,31959,29403,16691,29243,27709,27955,28477,
30127,33115,34759,32572,34968,20610,22628,33530,31922,29437,16670,29228,27716,27917,28469,
30178,33159,34790,32543,34940,20580,22635,33530,31898,29431,16663,29236,27709,27932,28469,
30229,33144,34790,32543,34919,20603,22621,33530,31875,29431,16677,29228,27730,27932,28455,
30280,33130,34744,32587,34940,20573,22571,33516,31890,29430,16599,29278,27701,27917,28469,
30331,33180,34736,32535,34933,20565,22578,33523,31951,29466,16607,29228,27723,27971,28448,
30382,33108,34767,32637,34987,20595,22592,33509,31967,29452,16614,29235,27694,27925,28469,
30434,33122,34728,32543,34919,20595,22621,33510,31883,29452,16621,29278,27716,27956,28448,
30484,33137,34798,32586,34974,20573,22600,33516,31883,29417,16642,29264,27708,27917,28462,
30535,33144,34735,32535,34933,20602,22607,33516,31898,29467,16663,29207,27687,27901,28483,
30586,33086,34775,32565,34968,20617,22592,33537,31905,29423,16607,29235,27702,27902,28455,
30637,33114,34720,32557,34933,20580,22600,33516,31921,29460,16635,29263,27708,27887,28448,
30689,33122,34759,32529,34899,20580,22607,33530,31883,29460,16635,29270,27701,27925,28469,
30740,33136,34744,32550,34933,20580,22585,33530,31891,29445,16621,29263,27730,27902,28455,
30791,33159,34760,32543,34926,20595,22606,33537,31875,29424,16684,29207,27737,27925,28455,
30842,33137,34721,32565,34920,20602,22628,33537,31890,29438,16635,29235,27701,27917,28469,
30893,33158,34783,32550,34974,20595,22621,33530,31882,29452,16635,29221,27709,27925,28462,
30943,33151,34775,32572,34893,20595,22585,33530,31905,29473,16663,29214,27723,27917,28462,
30994,33151,34790,32529,34968,20587,22614,33516,31936,29431,16656,29257,27701,27886,28462,
31045,33115,34744,32543,34933,20595,22635,33530,31944,29446,16656,29243,27701,27894,28462,
31095,33158,34720,32594,34920,20573,22599,33523,31929,29439,16656,29257,27701,27902,28448,
31146,33107,34759,32514,34926,20595,22585,33496,31899,29473,16621,29278,27708,27978,28448,
31197,33086,34775,32557,34933,20595,22607,33530,31906,29417,16663,29228,27701,27902,28448,
31248,33166,34783,32565,35001,20580,22578,33530,31898,29417,16663,29221,27766,27902,28434,
31299,33181,34790,32550,34913,20595,22607,33523,31913,29396,16628,29228,27701,27909,28448,
31350,33129,34736,32579,34947,20595,22585,33516,31936,29425,16607,29207,27723,27924,28462,
31401,33130,34721,32558,34947,20595,22564,33530,31876,29474,16628,29236,27695,27933,28462,
31452,33159,34744,32565,34967,20588,22606,33530,31898,29444,16656,29264,27737,27925,28462,
31503,33137,34767,32543,34954,20588,22607,33530,31883,29487,16621,29243,27723,27894,28448,
31554,33151,34744,32565,34988,20595,22621,33523,31906,29424,16635,29264,27723,27902,28448,
31605,33173,34744,32557,34954,20617,22593,33537,31921,29459,16677,29243,27716,27902,28435,
31655,33144,34783,32558,34974,20595,22600,33523,31891,29466,16670,29242,27730,27955,28462,
31707,33115,34767,32558,34933,20588,22607,33516,31899,29424,16635,29221,27744,27909,28442,
31757,33100,34775,32550,34947,20588,22607,33537,31890,29431,16628,29263,27715,27917,28455,
31809,33159,34751,32551,34940,20602,22621,33537,31884,29452,16642,29221,27716,27910,28462,
31860,33136,34806,32529,34960,20580,22600,33530,31884,29459,16635,29235,27708,27909,28455,
31911,33144,34790,32557,34981,20587,22593,33516,31906,29437,16677,29228,27701,27902,28476,
31962,33122,34744,32521,34947,20588,22614,33530,31890,29417,16677,29221,27708,27917,28448,
32012,33115,34790,32558,34933,20595,22578,33509,31867,29424,16628,29228,27752,27879,28476,
32063,33101,34805,32529,34927,20550,22635,33530,31584,29227,16621,29313,27737,27940,28455,
32114,33130,34830,32579,34933,20580,22599,33530,31800,29523,16663,29221,27744,27955,28456,
32166,33144,34791,32594,34933,20580,22621,33509,31823,29452,16684,29242,27723,27971,28441,
32217,33144,34767,32536,34974,20595,22642,33529,31747,29431,16621,29242,27694,27956,28448,
32268,33216,34791,32593,34981,20588,22585,33530,31732,29460,16670,29257,27701,27940,28455,
32319,33173,34697,32571,34920,20580,22606,33530,32169,29494,16656,29220,27708,27932,28455,
32369,33144,34775,32558,34919,20588,22599,33530,32753,29502,16713,29221,27701,27932,28469,
32421,33137,34790,32535,34974,20595,22642,33537,32838,29530,16635,29200,27730,27940,28463,
32472,33122,34752,32565,34920,20573,22614,33530,32508,29523,16656,29235,27716,27909,28448,
32523,33151,34736,32537,35015,20580,22600,33530,32262,29482,16614,29263,27708,27979,28448,
32574,33217,34713,32557,34927,20610,22621,33516,32262,29488,16656,29235,27716,27902,28469,
32625,33159,34737,32594,34926,20580,22585,33544,32354,29509,16691,29228,27701,27909,28455,
32676,33130,34713,32593,34967,20573,22621,33530,32361,29516,16628,29235,27694,27902,28449,
32727,33129,34713,32565,34961,20602,22585,33523,32392,29495,16670,29228,27716,27917,28448,
32777,33122,34728,32550,34933,20610,22621,33516,32231,29447,16642,29214,27723,27948,28455,
32828,33195,34751,32608,34920,20602,22607,33530,31970,29439,16635,29242,27694,27902,28456,
32879,33130,34736,32565,34947,20573,22592,33523,31794,29418,16670,29208,27745,27925,28441,
32930,33173,34751,32615,34920,20588,22628,33543,31754,29466,16635,29214,27716,27971,28448,
32981,33130,34759,32565,34940,20588,22642,33523,31793,29466,16613,29277,27701,27971,28448,
33032,33152,34729,32578,34927,20610,22614,33524,31932,29452,16649,29221,27745,27909,28462,
33083,33165,34767,32529,34912,20595,22585,33523,31910,29488,16649,29242,27701,27917,28462,
33134,33130,34760,32536,34933,20580,22564,33530,31755,29467,16649,29214,27730,27910,28462,
33185,33173,34729,32601,34920,20588,22593,33516,31740,29425,16656,29228,27716,27941,28441,
33237,33108,34775,32586,34927,20595,22628,33530,32016,29481,16642,29243,27715,27902,28456,
33288,33123,34736,32557,34974,20603,22585,33523,32208,29446,16649,29264,27708,27956,28455,
33339,33122,34728,32544,34933,20588,22621,33516,32301,29502,16684,29221,27716,27909,28462,
33390,33137,34744,32565,34994,20603,22607,33523,32362,29622,16649,29214,27723,27894,28456,
33441,33123,34744,32551,34967,20588,22607,33537,32438,29600,16734,29235,27715,27886,28455,
33493,33115,34721,32557,34920,20603,22600,33523,32446,29573,16649,29207,27723,27918,28455,
33544,33151,34838,32521,34926,20588,22621,33516,32447,29558,16635,29256,27723,27917,28455,
33594,33144,34744,32550,34934,20573,22578,33537,32355,29593,16656,29242,27723,27963,28455,
33645,33137,34752,32536,34927,20580,22586,33510,32262,29538,16734,29228,27716,27902,28448,
33697,33095,34744,32572,35035,20588,22607,33516,32025,29468,16692,29285,27730,27971,28462,
33748,33152,34767,32615,34913,20580,22614,33516,32070,29460,16649,29207,27730,27879,28441,
33799,33108,34775,32543,35001,20580,22642,33516,32370,29523,16670,29221,27737,27902,28462,
33850,33165,34767,32558,34954,20573,22600,33509,33030,29734,16677,29270,27738,27925,28448,
33901,33130,34767,32543,34920,20595,22628,33537,33720,30120,16713,29214,27745,27918,28462,
33952,33115,34759,32536,34967,20602,22578,33523,34596,30400,16713,29292,27723,27971,28449,
34003,33137,34760,32550,34920,20603,22614,33516,36108,31054,16713,29278,27745,27902,28462,
34054,33122,34736,32543,34899,20595,22621,33523,39716,32563,16748,29348,27744,27894,28455,
34105,33136,34752,32529,34913,20588,22628,33530,41714,34451,16727,29341,27737,27894,28456,
34156,33145,34775,32543,34940,20588,22592,33537,43165,36502,16755,29369,27730,27895,28441,
34206,33151,34767,32579,34927,20610,22606,33530,44979,38124,16720,29341,27752,27917,28462,
34257,33152,34760,32536,34919,20573,22614,33516,46836,38562,16748,29404,27752,27917,28469,
34308,33094,34751,32543,34954,20588,22599,33523,47666,37227,16734,29327,27745,27925,28462,
34359,33115,34760,32586,34974,20595,22642,33523,47981,35021,16819,29341,27737,27910,28455,
34414,33123,34728,32579,34926,20603,22621,33523,47612,33356,16720,29348,27752,27909,28455,
34500,33145,34728,32587,34927,20595,22628,33530,47912,31699,16713,29348,27744,27909,28463,
34551,33152,34721,32535,34954,20603,22599,33516,48488,31398,16692,29334,27723,27887,28428,
34603,33130,34744,32522,34927,20573,22592,33530,48586,31278,16649,29348,27766,27887,28448,
34656,33108,34744,32543,34906,20595,22593,33530,48595,31011,16663,29370,27752,27902,28448,
34708,33145,34736,32557,34920,20602,22607,33509,49272,30688,16656,29355,27737,27894,28455,
34759,33159,34751,32557,34900,20603,22621,33523,49907,30654,16621,29355,27766,27902,28434,
34810,33166,34807,32536,34920,20617,22607,33530,50353,30695,16685,29334,27752,27986,28449,
34861,33166,34744,32543,34920,20580,22592,33530,51259,30738,16600,29341,27758,27902,28420,
34912,33144,34768,32535,34934,20580,22621,33537,53127,31090,16755,29362,27795,27925,28448,
34964,33123,34759,32557,35001,20595,22621,33523,50754,30611,16649,29362,27737,27910,28448,
35015,33144,34760,32557,34994,20580,22586,33530,47237,30084,16592,29398,27759,27910,28448,
35067,33130,34775,32565,34934,20595,22621,33516,44963,29720,16557,29348,27780,27909,28470,
35117,33114,34729,32572,34974,20603,22599,33523,39126,29699,16550,29355,27738,27940,28441,
35168,33129,34822,32537,34953,20595,22578,33530,37506,29748,16550,29377,27773,27909,28448,
35220,33101,34744,32572,34960,20588,22614,33523,34835,29937,16635,29328,27737,27902,28469,
35271,33151,34783,32558,34933,20565,22642,33523,32845,30077,16642,29320,27730,27932,28455,
35322,33151,34799,32565,34927,20603,22600,33510,31944,29473,16691,29263,27773,27909,28448,
35373,33137,34728,32558,34927,20588,22585,33550,31975,29416,16621,29271,27723,27917,28455,
35424,33131,34806,32565,34920,20595,22578,33523,32137,30316,19966,29440,27773,27894,28455,
35474,33159,34744,32579,34961,20588,22621,33516,32159,32457,21989,29482,27788,27902,28434,
35525,33159,34721,32557,34934,20588,22614,33530,32067,35316,25158,29574,27773,27902,28434,
35576,33202,34760,32529,34960,20588,22607,33509,32052,42380,32048,29673,27809,27895,28441,
35627,33144,34798,32565,34927,20580,22585,33523,32029,45767,35592,29582,27817,27932,28434,
35679,33087,34799,32594,34933,20580,22607,33509,32068,48537,37901,29547,27831,27894,28441,
35730,33122,34752,32565,34960,20580,22642,33530,32077,49835,40356,29503,27845,27956,28448,
35781,33145,34822,32543,34927,20573,22614,33530,31838,42019,33775,29469,27852,27886,28441,
35832,33108,34729,32558,34974,20595,22592,33530,32185,35915,29466,29447,27802,27940,28434,
35883,33165,34829,32565,34920,20588,22578,33523,32277,32783,24634,29490,27816,27902,28434,
35934,33115,34729,32558,34920,20595,22571,33509,32023,31327,20949,29299,27723,27902,28448,
35986,33143,34728,32529,34927,20595,22593,33523,31946,30701,19315,29250,27716,27940,28469,
36037,33152,34728,32579,34960,20595,22585,33523,31808,30110,18276,29476,27457,27757,28596,
36088,33093,34760,32558,34967,20588,22606,33544,31730,29977,18035,29518,27450,27910,28652,
36139,33137,34760,32551,34914,20595,22585,33516,32044,30146,18071,29624,27774,28561,28750,
36190,33130,34752,32537,34974,20580,22607,33530,32129,30082,19294,30818,29170,29543,28799,
36241,33107,34751,32587,34927,20617,22585,33516,31979,29818,24316,34470,33502,31429,28841,
36292,33116,34775,32558,34967,20603,22585,33516,32164,29846,26969,36872,36151,32603,28862,
36343,33151,34736,32544,34913,20573,22635,33537,32240,29916,29076,39119,38210,33278,28890,
36394,33151,34713,32558,34947,20580,22621,33516,32295,30028,30443,40722,39721,33615,28862,
36444,33137,34837,32594,34920,20580,22600,33516,32110,30092,30379,40414,39037,33017,28862,
36495,33123,34806,32587,34920,20588,22635,33516,31925,30121,27882,36936,35050,31452,28827,
36546,33122,34721,32572,34940,20595,22649,33530,31772,29888,23644,32535,30667,30356,28799,
36597,33101,34798,32587,34954,20595,22628,33530,31849,29860,20589,30345,28667,29114,28764,
36648,33145,34720,32536,34974,20595,22600,33523,31685,29936,17958,29498,27680,27902,28497,
36699,33158,34737,32558,34995,20588,22607,33523,31922,29829,18119,29516,27808,27963,28490,
36750,33159,34729,32544,34927,20602,22621,33537,31959,29773,17950,29537,27801,27962,28469,
36801,33122,34782,32551,35008,20588,22578,33530,31952,29752,17779,29516,27801,27963,28455,
36852,33122,34815,32529,34920,20580,22628,33516,31998,29737,17603,29530,27801,28147,29892,
36903,33107,34713,32572,34934,20595,22628,33516,31930,29681,17533,29708,27456,27955,31154,
36954,33108,34736,32587,34947,20595,22593,33523,31976,29627,17321,29871,27320,28339,32815,
37005,33121,34729,32529,34960,20610,22628,33523,31969,29598,17179,29977,27212,30010,33642,
37056,33116,34759,32551,34927,20588,22642,33530,32007,29528,17109,30112,27104,35103,32823,
37106,33210,34721,32579,34968,20588,22628,33516,32008,29591,17017,30069,27126,35785,32093,
37157,33187,34721,32551,34968,20625,22585,33530,32016,29472,17031,30097,27140,36276,30937,
37208,33173,34791,32587,34913,20610,22628,33523,31976,29500,16981,30062,27241,36751,29963,
37259,33216,34737,32529,34968,20595,22607,33523,31970,29486,16975,29991,27320,37204,29164,
37310,33166,34729,32601,34981,20602,22593,33516,31954,29493,16996,29864,27594,37219,27867,
37361,33145,34760,32594,34920,20595,22621,33523,31962,29445,16968,29857,27831,36237,27811,
37412,33137,34752,32587,34960,20588,22592,33523,31862,29317,17038,29913,28299,34482,28343,
37463,33166,34736,32557,34967,20588,22614,33516,31816,29262,17017,30026,28903,33208,28420,
37515,33115,34751,32558,34927,20588,22592,33516,31961,29493,17151,29702,30170,28906,28714,
37566,33130,34790,32594,34967,20580,22585,33516,31945,29597,17200,29666,31328,28148,28777,
37616,33145,34767,32565,34927,20603,22599,33516,31937,29659,17193,29658,30940,27986,28783,
37667,33114,34744,32543,34941,20610,22607,33523,31937,29646,17193,29729,29839,27909,28706,
37718,33144,34775,32579,34988,20595,22607,33530,31960,29667,17165,29941,29860,27863,28713,
37769,33225,34790,32558,34954,20558,22585,33516,31975,29639,17137,30443,28760,27940,28629,
37820,33144,34752,32601,34988,20595,22592,33523,31953,29674,17101,30845,28256,27971,28615,
37871,33129,34713,32543,34954,20603,22592,33523,31990,29689,17037,31495,27752,27847,28601,
37922,33145,34775,32572,34927,20580,22607,33516,31975,29745,16995,32188,27615,27870,28566,
37973,33152,34737,32536,34967,20595,22592,33516,32052,29738,17066,31744,27385,28046,28384,
38024,33116,34759,32601,34941,20588,22628,33523,32013,29765,17222,31898,27615,28024,28335,
38075,33100,34783,32572,34940,20617,22628,33523,32059,29647,17589,31857,27636,28031,28307,
38126,33079,34736,32558,34988,20595,22614,33509,32060,29633,18035,31920,27715,28000,28300,
38177,33145,34806,32558,34967,20595,22592,33516,32052,29661,18976,31228,27837,27970,28314,
38228,33131,34760,32550,34988,20595,22600,33530,32083,29655,19216,30988,27823,27954,28307,
38278,33151,34760,32572,35015,20587,22621,33530,32068,29605,19436,30959,27888,27940,28328,
38329,33146,34752,32536,34967,20595,22593,33523,32045,29626,19747,30804,27930,27954,28321,
38380,33165,34798,32522,34926,20617,22585,33523,32029,29717,19838,30663,28017,27870,28342,
38431,33123,34721,32558,34926,20588,22607,33516,32053,29591,19329,30543,27967,27885,28383,
38482,33101,34760,32543,34967,20617,22607,33530,32060,29465,18226,30514,27844,27901,28419,
38533,33137,34791,32551,34926,20588,22606,33523,32061,29459,17066,29949,27801,27900,28482,
38585,33115,34737,32572,34941,20580,22578,33530,31977,29530,16493,29560,27779,27862,28496,
38636,33145,34767,32565,34941,20603,22600,33523,31976,29578,16719,29467,27679,27871,28510,
38687,33130,34736,32551,34920,20588,22635,33509,31953,29612,16677,29453,27665,27848,28482,
38738,33130,34744,32544,34994,20588,22635,33544,31938,29625,16677,29439,27686,27802,28468,
38789,33138,34752,32544,34947,20588,22614,33509,31877,29584,16670,29418,27736,27802,28462,
38840,33152,34729,32550,34994,20595,22621,33516,31862,29605,16726,29377,27723,27825,28455,
38891,33122,34744,32580,34988,20595,22592,33502,31938,29591,16712,29418,27701,27695,28455,
38942,33174,34783,32544,34967,20602,22628,33551,31930,29612,16691,29516,27672,27664,28420,
38993,33158,34830,32580,34988,20595,22585,33530,32309,29823,16698,29488,27693,27625,28385,
39044,33130,34791,32543,34974,20595,22607,33516,32363,30111,16613,29361,27772,27878,28455,
39095,33173,34783,32558,34927,20588,22592,33537,32263,30427,16925,29877,28997,27955,28658,
39146,33116,34759,32558,34961,20580,22621,33516,32279,30638,17193,30280,29824,27963,28959,
39197,33101,34752,32573,34920,20595,22663,33523,32525,30912,17894,31276,30767,27947,29619,
39248,33165,34768,32543,34995,20588,22593,33530,32655,31109,18841,32238,32178,28024,30558,
39298,33129,34775,32550,34927,20588,22614,33503,32885,31236,19846,33185,32947,28001,31203,
39349,33158,34767,32558,34920,20602,22585,33530,33192,31230,21360,34612,33999,28078,31827,
39400,33136,34760,32594,34913,20610,22578,33530,33285,31293,21813,34824,34178,28078,31904,
39451,33129,34767,32572,34941,20603,22621,33523,33254,31264,21946,35015,34215,28032,31855,
39502,33189,34798,32550,34920,20565,22607,33523,33216,31068,21600,34612,33696,28040,31630,
39553,33159,34768,32565,34947,20573,22564,33530,32770,30259,19761,32090,30774,27932,30123,
39604,33130,34744,32551,34981,20588,22635,33523,32556,30078,18842,30932,29393,27978,29430,
39655,33107,34760,32558,34947,20602,22621,33530,32363,29839,18212,30154,28573,27932,29016,
39708,33123,34721,32558,35008,20588,22586,33537,32302,29810,17802,29779,28083,27909,28771,
39758,33130,34822,32536,34954,20595,22585,33523,32279,29704,17314,29539,27817,27886,28616,
39809,33187,34752,32565,34968,20603,22607,33530,32210,29663,17243,29510,27881,27825,28539,
39860,33115,34783,32587,34920,20588,22628,33516,32072,29669,17236,29574,27903,27809,28511,
39911,33108,34760,32559,34981,20588,22656,33509,31956,29635,17215,29561,27881,27779,28532,
39961,33100,34744,32544,34940,20580,22600,33523,31933,29641,17080,29581,27824,27763,28511,
40013,33116,34783,32544,34934,20588,22585,33523,32003,29922,17038,29603,27939,27855,28637,
40064,33144,34775,32544,34927,20603,22579,33530,32140,30422,17066,29631,28141,27924,28869,
40115,33152,34768,32544,34933,20580,22657,33509,32187,30816,17243,29751,28623,27901,29289,
40166,33136,34729,32580,34967,20588,22592,33530,32248,31783,18070,30634,29839,27917,29668,
40217,33115,34752,32587,34954,20573,22614,33523,32310,33721,20610,32344,31271,27840,31273,
40268,33123,34744,32586,34940,20595,22664,33530,32372,34023,21204,32803,32365,27887,33235,
40319,33152,34728,32550,34974,20610,22592,33516,32333,34270,21918,33566,33445,27871,34497,
40369,33122,34760,32558,35008,20588,22600,33530,32318,34292,22194,34004,34193,27794,35625,
40421,33100,34736,32587,34974,20588,22621,33523,32325,34796,23163,35129,35734,27771,36811,
40473,33101,34736,32565,34933,20588,22614,33530,32310,34917,23587,35460,36129,27749,37532,
40554,33123,34744,32550,34927,20595,22600,33530,32303,35268,24323,36075,36611,27748,38499,
40614,33130,34798,32529,34968,20603,22650,33537,32288,35155,24380,36209,36669,27741,38626,
40665,33123,34760,32551,34934,20588,22656,33530,32273,35240,24684,36604,37093,27825,40210,
40716,33130,34775,32594,34927,20603,22628,33516,32272,35323,24818,36781,37389,27810,40975,
40767,33114,34768,32565,34988,20588,22607,33530,32210,35239,25087,36901,37439,27833,40919,
40818,33115,34768,32558,34940,20580,22607,33516,32203,35190,25137,36823,37425,27802,40750,
40869,33108,34783,32551,34927,20580,22614,33530,32257,34993,24910,36470,37144,27779,40008,
40920,33130,34729,32543,34994,20603,22585,33516,32226,34326,23757,34930,35496,27772,35163,
40971,33122,34752,32544,34975,20580,22600,33530,32272,33771,22944,33764,33985,27817,33236,
41022,33115,34721,32565,34940,20588,22607,33516,32326,32935,21741,32634,32423,27894,31490,
41072,33086,34721,32543,34927,20588,22642,33523,32279,31835,20412,31440,30631,28047,30145,
41123,33137,34759,32595,34995,20573,22607,33530,32234,30990,19443,30494,29292,27970,29024,
41173,33094,34728,32551,34947,20565,22578,33523,32019,29684,17660,29475,27507,27832,28658,
41224,33122,34760,32573,34927,20602,22593,33523,31995,29852,17554,29517,27722,27947,28637,
41275,33094,34729,32551,34968,20588,22628,33530,31932,29844,17412,29524,27721,27962,28630,
41326,33108,34814,32572,34947,20588,22592,33523,31978,29689,17334,29473,27700,27931,28615,
41377,33109,34806,32543,34940,20595,22614,33530,31956,29689,17235,29452,27686,27923,28587,
41428,33137,34814,32573,34967,20595,22600,33523,31986,29668,17164,29488,27743,27962,28594,
41479,33131,34783,32529,34947,20580,22614,33530,31978,29759,17151,29424,27671,27931,28587,
41530,33144,34737,32544,34961,20603,22614,33537,31888,29789,17894,29560,28133,27947,28630,
41581,33137,34815,32558,34954,20588,22600,33530,31872,29768,17632,29560,28155,27909,28595,
41632,33130,34736,32537,34940,20565,22614,33523,31894,29698,17391,29496,28112,27894,28574,
41683,33122,34744,32616,34940,20580,22614,33530,31894,29662,17257,29518,27953,27832,28490,
41734,33166,34775,32587,34967,20610,22614,33537,31925,30100,17625,29850,28493,27833,28617,
41785,33116,34752,32544,34961,20602,22593,33537,31987,31399,19301,31716,31235,27917,29843,
41836,33122,34698,32543,34940,20588,22614,33530,31956,32177,20574,32895,34034,28009,30663,
41887,33115,34783,32558,34988,20588,22614,33523,31972,32998,22272,34463,37467,28224,31967,
41939,33130,34729,32580,34927,20588,22621,33516,32034,33420,23566,35580,40764,28507,33362,
41990,33123,34752,32551,34933,20603,22607,33530,32088,33884,25342,37162,45825,29205,37006,
42041,33101,34728,32587,34981,20573,22649,33523,32103,33659,25709,37191,47215,29581,39228,
42092,33129,34783,32543,34934,20580,22593,33523,32079,33610,25887,37156,48079,29826,40701,
42144,33159,34783,32544,34981,20610,22585,33530,32095,33286,25639,37056,48878,29941,41661,
42194,33100,34768,32550,34975,20610,22607,33523,32140,32438,24705,36527,49699,30095,41999,
42246,33109,34814,32566,34947,20588,22600,33523,32087,32242,23941,36173,49655,30125,41991,
42296,33107,34752,32609,34961,20595,22593,33530,32095,31995,23559,36060,49972,30164,41556,
42348,33101,34822,32573,34947,20580,22621,33509,32095,31749,23566,36194,50197,30194,41346,
42399,33129,34776,32565,34947,20595,22614,33510,32110,31608,23467,36490,50476,30248,41661,
42450,33086,34752,32580,34947,20602,22585,33530,32118,31504,23255,36492,50318,30171,41206,
42504,33129,34760,32558,34940,20588,22585,33523,32086,31411,23134,36301,49915,30056,40757,
42555,33158,34783,32608,34967,20603,22614,33516,32079,31328,22973,35919,49036,29911,39846,
42606,33115,34776,32551,34927,20603,22585,33516,32102,31349,22045,34033,44703,29428,37371,
42657,33144,34760,32566,34954,20602,22607,33523,32102,31111,21352,33029,40959,29060,35990,
42708,33115,34752,32609,34954,20580,22635,33523,32087,31110,20483,31836,36971,28738,33642,
42759,33122,34822,32573,34960,20580,22621,33509,32049,30794,19705,30910,32948,28423,31966,
42810,33137,34751,32558,34974,20602,22578,33523,32057,30310,19004,30352,30091,28086,30873,
42861,33122,34799,32543,34968,20588,22607,33509,31949,29734,18134,29504,27716,27825,28687,
42912,33115,34822,32558,34954,20580,22607,33530,31941,29713,17787,29581,27823,28001,28686,
42963,33144,34760,32558,34927,20595,22600,33537,31925,29739,17709,29537,27801,27947,28672,
43014,33137,34806,32558,34947,20588,22578,33530,31940,29753,17539,29551,27807,27946,28644,
43065,33173,34728,32558,34940,20595,22607,33516,31964,29675,17398,29495,27764,27931,28630,
43116,33129,34767,32544,34933,20580,22571,33516,31964,29690,17426,29502,27750,27908,28609,
43167,33115,34753,32573,34947,20595,22649,33523,31979,29683,17355,29509,27714,27924,28616,
43218,33115,34775,32587,34961,20595,22621,33537,31964,29761,17412,29446,27736,27893,28616,
43269,33124,34752,32580,34981,20595,22600,33530,32026,30387,18346,30747,27650,27802,28588,
43320,33159,34736,32573,34988,20580,22607,33530,32157,30316,18480,30924,27550,27802,28560,
43371,33173,34729,32602,34947,20603,22593,33530,32341,30604,19103,32619,27521,27994,28560,
43423,33144,34807,32587,34920,20588,22635,33530,32610,31104,20086,35685,27528,28147,28581,
43473,33115,34721,32529,34953,20573,22621,33523,32803,31616,21635,40151,27931,28875,28617,
43524,33145,34768,32587,34968,20610,22593,33531,32741,31820,24832,44801,30400,30417,28771,
43575,33122,34752,32609,34914,20603,22607,33530,32687,31932,25702,46879,32012,30141,28729,
43626,33138,34768,32550,34967,20580,22593,33516,32757,31827,26148,48378,33861,30379,28799,
43677,33123,34753,32529,34933,20617,22614,33537,32618,31826,26841,49805,35106,30739,28918,
43727,33173,34829,32579,35008,20595,22628,33523,32526,31946,27859,51707,37013,29881,28820,
43778,33116,34798,32587,34934,20595,22600,33523,32587,31980,28150,52110,37373,29435,28701,
43830,33136,34791,32544,34927,20588,22621,33523,32581,32023,28355,52203,37518,28960,28638,
43881,33167,34744,32587,34954,20602,22635,33516,32565,32058,28171,51984,37063,28815,28617,
43932,33166,34783,32544,34920,20595,22607,33509,32596,32086,27705,51206,36265,28684,28610,
43983,33138,34729,32601,34934,20603,22621,33523,32450,32135,24741,43975,30861,27971,28574,
44034,33152,34721,32572,35001,20603,22600,33516,32358,31659,22647,38767,28716,27734,28567,
44085,33122,34775,32572,34941,20573,22600,33509,32488,31188,21218,35318,27802,27764,28526,
44136,33173,34744,32558,34981,20617,22642,33516,32588,30978,20185,32987,27658,27710,28490,
44189,33109,34775,32551,34961,20625,22607,33523,32189,30057,17858,29935,27701,27893,28560,
44240,33195,34783,32537,34967,20565,22621,33523,31966,29854,17660,29744,27700,27878,28553,
44291,33094,34729,32615,34967,20595,22642,33537,31979,29818,17511,29679,27714,27916,28546,
44341,33130,34752,32544,35001,20595,22600,33523,31934,29748,17497,29615,27722,27901,28546,
44392,33101,34799,32587,34960,20588,22600,33509,31974,30198,17915,30231,27736,27932,28539,
44443,33115,34783,32587,34934,20610,22614,33523,32036,30366,17780,30196,27693,27924,28546,
44494,33122,34744,32558,34968,20580,22586,33509,32058,30401,17413,29575,27679,27871,28546,
44545,33151,34736,32594,34933,20618,22607,33530,32135,30662,17399,30019,27693,27901,28525,
44596,33093,34721,32530,34988,20618,22628,33516,32158,30781,18636,37211,27586,27840,28518,
44647,33152,34775,32616,34920,20617,22600,33530,32265,31054,19237,40567,27507,27871,28546,
44698,33086,34736,32565,34940,20588,22579,33523,32273,31448,19860,44475,27413,27848,28560,
44750,33159,34729,32616,34974,20617,22593,33516,32219,31764,21274,49035,27291,27917,28574,
44801,33108,34721,32536,34967,20610,22642,33523,32189,32642,23262,57934,27075,27902,28652,
44852,33101,34776,32609,34975,20595,22621,33509,32250,32838,23856,61455,27089,27971,28694,
44904,33101,34721,32579,34954,20595,22585,33537,32220,33049,24400,64959,27132,28070,28750,
44955,33115,34823,32543,34960,20580,22628,33530,32250,33063,24443,66629,27147,27994,28729,
45006,33159,34744,32558,34974,20580,22614,33523,32258,33288,24804,69477,27219,27956,28792,
45057,33166,34783,32559,34926,20617,22586,33523,32212,33273,24775,69811,27241,27956,28778,
45107,33130,34752,32544,34934,20617,22628,33516,32211,33365,24747,70044,27262,28063,28813,
45158,33159,34830,32595,35015,20602,22664,33544,32242,33224,24719,70446,27276,27979,28799,
45208,33145,34775,32559,35001,20595,22614,33537,32250,33195,24754,70707,27269,27971,28771,
45259,33151,34806,32551,34975,20602,22607,33530,32219,33385,25002,70799,27248,27963,28729,
45310,33109,34783,32543,34974,20588,22628,33523,32227,33371,25115,70779,27212,28017,28736,
45361,33144,34791,32594,34961,20610,22628,33530,32212,33428,25164,70643,27183,28001,28736,
45411,33114,34791,32594,34940,20573,22614,33530,32272,33372,25101,70620,27204,27963,28729,
45463,33152,34736,32594,34927,20595,22607,33544,32218,33456,25094,70617,27247,27933,28701,
45514,33158,34791,32594,34988,20618,22621,33509,32235,33469,25172,70615,27219,27933,28687,
45564,33159,34776,32544,34927,20595,22635,33537,32211,33442,25002,70616,27255,27886,28694,
45616,33128,34745,32551,34934,20580,22607,33523,32212,33618,25009,70766,27255,27909,28687,
45667,33151,34736,32565,34927,20617,22607,33537,32204,33590,25023,70934,27270,27910,28687,
45718,33137,34752,32544,34933,20603,22593,33530,32181,33646,25108,70611,27226,27810,28645,
45769,33100,34783,32529,35022,20610,22621,33530,32265,33554,25065,69985,27284,27749,28575,
45820,33116,34814,32544,34920,20610,22614,33523,32273,33456,25101,69470,27154,27733,28568,
45871,33116,34775,32551,34940,20595,22585,33530,32174,33400,25136,68365,27140,27649,28505,
45922,33130,34745,32544,34940,20580,22578,33530,32265,33491,25263,66846,27118,27580,28477,
45973,33144,34775,32580,34981,20610,22621,33516,32181,33555,25299,66271,27090,27718,28462,
46024,33159,34752,32580,34913,20588,22628,33530,32219,33624,25370,65826,27111,27779,28448,
46075,33095,34729,32558,34981,20618,22600,33530,32204,33611,25150,65699,27082,27932,28659,
46126,33108,34752,32537,34934,20595,22635,33524,32228,33526,24698,64951,27097,27855,28714,
46177,33094,34744,32530,34920,20603,22614,33516,32196,33526,24754,64726,27068,27848,28721,
46228,33159,34814,32558,34927,20603,22585,33530,32250,33527,24669,64935,27089,27893,28721,
46279,33122,34830,32594,34961,20625,22642,33530,32236,33485,24571,64793,27104,27932,28721,
46330,33108,34737,32551,34954,20573,22585,33537,32273,33449,24513,64215,27082,27871,28728,
46381,33152,34768,32544,34981,20617,22628,33530,32204,33232,24111,62532,27082,27871,28714,
46431,33130,34767,32551,34960,20588,22628,33537,32220,33119,23891,62144,27075,27886,28728,
46482,33159,34783,32601,34974,20565,22614,33537,32227,32916,23637,61146,27068,27894,28707,
46533,33116,34791,32601,34995,20595,22614,33523,32205,32620,23510,60369,27082,27893,28721,
46584,33144,34737,32587,34940,20573,22621,33537,32166,31575,23121,60219,27053,27893,28693,
46635,33138,34776,32601,34927,20580,22592,33509,32143,31104,22950,60274,27104,27870,28693,
46691,33131,34768,32551,35009,20588,22614,33523,32166,31174,22887,60610,27082,27932,28700,
46742,33151,34767,32573,34913,20580,22600,33523,32159,31280,23092,61296,27104,27886,28714,
46792,33109,34713,32579,34927,20580,22614,33530,32212,31511,23298,62702,27068,27893,28728,
46843,33145,34760,32551,34975,20595,22600,33523,32174,31883,23566,63713,27104,27909,28714,
46894,33159,34791,32551,34981,20602,22614,33523,32174,32396,23828,64046,27082,27901,28714,
46945,33129,34745,32558,34981,20580,22621,33510,32136,33029,24280,64154,27090,27924,28728,
46996,33115,34791,32580,34961,20603,22600,33537,32152,33098,24118,61934,27082,27917,28714,
47047,33130,34768,32572,34988,20603,22585,33530,32182,32986,23411,56272,27097,27863,28701,
47098,33130,34845,32579,34961,20595,22614,33516,32135,33013,22251,46770,27212,27917,28665,
47148,33152,34768,32609,34927,20595,22614,33537,32658,32992,21056,38089,27521,27909,28623,
47199,33181,34768,32558,34934,20625,22600,33544,33212,32650,19308,30840,27729,27955,28539,
47251,33166,34736,32558,34981,20603,22600,33523,33258,32249,18771,30465,27657,27909,28546,
47302,33167,34729,32551,35016,20595,22585,33537,33120,32052,18714,31221,27607,27947,28567,
47352,33123,34752,32573,34927,20610,22614,33523,32959,32003,18594,31603,27672,27978,28546,
47403,33159,34822,32594,34967,20602,22600,33530,33050,31758,18417,31906,27636,27917,28553,
47455,33166,34729,32587,34975,20580,22593,33530,32889,31364,18261,32253,27650,27947,28553,
47505,33116,34807,32550,35009,20595,22614,33530,32605,30689,18170,32945,27636,27963,28574,
47556,33167,34775,32537,34988,20610,22600,33523,32237,30065,18367,33808,27593,27986,28553,
47607,33137,34760,32529,34981,20588,22593,33516,32060,29896,18318,34571,27665,27971,28581,
47658,33137,34783,32551,34913,20603,22607,33530,32051,29790,18304,34662,27614,27963,28574,
47709,33122,34791,32565,34927,20565,22621,33523,32029,29790,18488,34846,27615,27962,28588,
47759,33137,34752,32551,34933,20588,22657,33523,32012,29776,18523,34712,27572,27970,28567,
47810,33115,34736,32544,34981,20610,22614,33544,32005,29790,18644,35086,27593,27986,28588,
47861,33109,34768,32543,34981,20610,22621,33530,32074,29805,18644,35306,27571,28001,28595,
47912,33173,34745,32558,34948,20610,22649,33523,32059,29818,18559,34889,27600,27962,28567,
47963,33130,34822,32601,34933,20588,22593,33516,32044,29679,18587,34995,27615,27963,28574,
48014,33115,34745,32566,34988,20603,22635,33523,32029,29741,18700,35575,27615,27970,28595,
48064,33145,34721,32566,34954,20580,22599,33537,32014,29726,19414,38606,27636,28009,28623,
48116,33202,34791,32579,34934,20588,22578,33530,32020,29755,19655,40626,27665,27978,28693,
48167,33145,34737,32537,34947,20595,22621,33530,32044,29783,19902,44363,27773,27939,28742,
48218,33123,34737,32594,34947,20595,22607,33516,32044,29796,20878,48464,27787,27924,28742,
48268,33123,34768,32594,34934,20617,22628,33530,32090,29797,21904,51942,27816,27909,28749,
48319,33188,34713,32566,34913,20588,22586,33551,32090,29762,23135,56673,27852,27924,28763,
48370,33123,34760,32536,34995,20603,22642,33530,32105,29769,22993,58116,28068,27902,28770,
48421,33130,34752,32587,34934,20588,22614,33537,32075,29790,22958,60173,28305,27932,28784,
48472,33159,34798,32580,34927,20595,22592,33516,32121,29811,22661,61277,28586,27932,28812,
48523,33203,34791,32558,34988,20565,22600,33516,32113,29812,22958,63760,28781,27932,28791,
48574,33159,34729,32522,34961,20610,22621,33530,32098,29805,22880,64955,29018,27909,28805,
48625,33116,34776,32609,34934,20595,22579,33530,32082,29777,22718,65642,29277,27947,28798,
48676,33115,34729,32551,34968,20595,22600,33537,32090,29798,22534,66512,29752,27886,28791,
48726,33130,34768,32536,34974,20588,22614,33530,32122,29762,22095,65301,30097,27978,28813,
48777,33094,34729,32601,34927,20588,22585,33537,32037,29776,21296,56301,29090,27901,28806,
48828,33123,34752,32587,34933,20595,22614,33530,32051,29706,20079,46184,28464,27940,28777,
48879,33109,34736,32594,34961,20595,22621,33537,32183,29671,19217,41453,28291,27963,28763,
48930,33100,34760,32552,34927,20603,22593,33530,32383,29615,18382,36068,28119,27878,28700,
48981,33144,34830,32580,34974,20595,22614,33523,32254,29608,18120,33674,27845,27856,28567,
49032,33152,34768,32573,34974,20603,22600,33544,32046,29601,17866,31469,27643,27932,28624,
49083,33123,34799,32544,34982,20588,22600,33544,31984,29622,17681,30198,27701,28016,28491,
49133,33152,34807,32558,34934,20603,22621,33523,32012,29663,17611,30047,27715,27978,28407,
49184,33122,34729,32558,34940,20595,22607,33523,31968,29678,17639,30132,27406,27887,28575,
49236,33138,34783,32581,34960,20588,22600,33523,31929,29685,17682,30091,27427,27871,28645,
49287,33123,34775,32544,34981,20602,22600,33516,31952,29693,17696,30027,27535,27986,28575,
49338,33137,34729,32558,34933,20603,22593,33537,31952,29692,17766,29851,27708,28078,28540,
49389,33145,34807,32609,34907,20603,22586,33516,31991,29721,18057,29999,27521,27909,28610,
49440,33108,34760,32594,34940,20580,22592,33530,32014,29706,17943,29950,27521,27986,28575,
49490,33195,34729,32566,34920,20580,22593,33523,31984,29692,17901,29808,27665,28154,28400,
49541,33108,34790,32530,34954,20595,22657,33516,31930,29567,17540,29731,27679,27917,28491,
49592,33159,34768,32602,34967,20610,22614,33523,32007,29657,17257,30021,27787,27909,28490,
49643,33152,34721,32572,34954,20602,22614,33544,31999,29685,17229,30134,27837,27963,28511,
49694,33181,34775,32609,34954,20595,22614,33523,31991,29734,17265,30126,27851,27940,28504,
49745,33131,34791,32537,34974,20595,22600,33530,31976,29657,17434,29894,27816,27910,28525,
49796,33130,34767,32558,34940,20588,22607,33509,32038,29637,17342,29653,27809,27924,28525,
49847,33130,34784,32544,34981,20603,22600,33516,32045,29713,18000,30777,27643,27948,28575,
49898,33174,34760,32545,34981,20588,22578,33516,32060,29720,17958,30876,27571,27970,28561,
49949,33116,34783,32544,34927,20603,22586,33516,31991,29671,17929,30826,27586,27932,28560,
50000,33145,34752,32580,34974,20588,22607,33530,31983,29601,17477,31130,27442,28017,28596,
50051,33137,34807,32573,34981,20580,22600,33537,32045,29614,17363,32098,27392,27939,28645,
50102,33130,34753,32617,34961,20602,22578,33537,31960,29601,17413,32345,27392,27901,28722,
50153,33108,34745,32544,34974,20617,22578,33530,31968,29601,17349,33016,27342,27886,28700,
50204,33137,34736,32566,34940,20625,22600,33537,32076,29587,17363,33970,27348,27925,28679,
50255,33108,34768,32573,34968,20588,22607,33523,32069,29595,17342,35243,27356,27886,28679,
50307,33166,34737,32558,34934,20588,22621,33530,31953,29615,17307,35489,27356,27924,28658,
50358,33122,34729,32537,34954,20595,22600,33516,31961,29643,17342,35667,27471,27947,28623,
50409,33123,34768,32536,34961,20580,22635,33516,31908,29707,17809,36091,27543,27917,28602,
50460,33108,34791,32572,34947,20573,22607,33530,31953,29715,18127,36770,27536,27941,28603,
50511,33129,34791,32602,34934,20603,22649,33523,31953,29720,18078,36839,27514,27947,28623,
50562,33173,34760,32579,34981,20588,22614,33523,31938,29552,17703,35447,27450,27962,28644,
50613,33108,34752,32558,34940,20610,22593,33530,31915,29608,17717,33321,27500,27932,28609,
50664,33217,34767,32558,34967,20595,22600,33523,31892,29658,17795,32092,27586,27978,28574,
50714,33144,34768,32580,34994,20595,22607,33530,32006,29679,17760,31194,27637,27939,28574,
50765,33115,34737,32551,34927,20603,22593,33544,32015,29629,18325,31512,27694,27940,28553,
50816,33166,34745,32594,34961,20595,22614,33530,32045,29644,18255,32064,27651,27955,28553,
50868,33174,34768,32566,34934,20588,22600,33523,32008,29693,18071,32629,27658,27971,28560,
50919,33152,34822,32559,34947,20595,22642,33537,31984,29664,17887,33377,27571,27947,28588,
50970,33102,34760,32594,34988,20617,22585,33516,32068,29651,17661,33406,27586,27978,28595,
51021,33123,34752,32566,34981,20588,22628,33530,32015,29637,17661,33067,27615,27971,28567,
51072,33101,34744,32559,34947,20580,22593,33530,32015,29700,17456,32968,27629,27940,28581,
51122,33124,34737,32559,34920,20595,22621,33530,31992,29630,17293,32678,27622,27940,28574,
51173,33108,34752,32537,34948,20580,22571,33537,31984,29622,17201,35017,27629,27963,28589,
51224,33144,34760,32566,34968,20595,22600,33544,32122,29637,17434,38323,27572,27986,28603,
51275,33196,34767,32565,35002,20610,22628,33523,32053,29693,17519,39377,27629,27978,28623,
51326,33101,34775,32573,34974,20617,22585,33530,32107,29665,17541,40231,27615,27986,28623,
51377,33138,34752,32537,34947,20625,22593,33524,32062,29701,17576,39596,27687,27970,28602,
51428,33173,34791,32609,34967,20617,22607,33537,32077,29666,17180,36784,27659,27955,28575,
51479,33159,34760,32558,34961,20588,22607,33523,32092,29623,17130,36254,27637,27971,28581,
51529,33166,34799,32537,34981,20603,22614,33530,32077,29616,17251,36084,27608,27955,28617,
51581,33108,34745,32572,34988,20588,22621,33530,32046,29644,17257,36868,27622,27994,28595,
51631,33108,34768,32580,34933,20580,22586,33523,32062,29629,17272,37617,27615,27963,28596,
51683,33152,34737,32552,34954,20603,22656,33516,32023,29644,17477,41504,27630,27909,28673,
51734,33116,34791,32544,34940,20580,22642,33530,32045,29650,17350,45051,27852,27917,28735,
51785,33131,34768,32552,35008,20610,22593,33517,32069,29727,17661,51060,27875,27902,28736,
51836,33123,34760,32551,34967,20580,22642,33530,32070,29735,17739,53527,27839,27871,28784,
51887,33167,34776,32544,34989,20595,22628,33537,32062,29666,18198,54109,27723,27909,28750,
51938,33109,34744,32566,34961,20610,22600,33544,32085,29708,18404,55452,27687,27932,28764,
51989,33130,34729,32573,34947,20573,22621,33530,32070,29778,18729,55552,27716,27886,28757,
52040,33101,34728,32551,34988,20580,22600,33523,32123,29771,19062,56391,27802,27932,28778,
52091,33137,34744,32594,34954,20603,22607,33523,32100,29821,19316,57206,27846,27902,28764,
52142,33159,34760,32544,34968,20595,22600,33530,32108,29821,19507,57736,27867,27902,28771,
52192,33194,34768,32566,34954,20603,22578,33530,32116,29863,19974,59334,27831,27887,28757,
52244,33152,34745,32580,35001,20588,22621,33523,32116,29855,19875,59518,27903,27909,28771,
52295,33166,34744,32559,34954,20595,22607,33530,32154,29862,19882,60422,27932,27963,28792,
52346,33167,34791,32566,34934,20573,22586,33523,32131,29919,20228,61265,27990,27886,28785,
52397,33181,34745,32616,34941,20618,22635,33516,32108,29947,20214,61782,27997,27894,28785,
52448,33174,34791,32551,34934,20603,22628,33523,32139,29926,20264,61668,27975,27932,28799,
52498,33122,34845,32551,34947,20595,22607,33523,32108,29940,20348,61669,28004,27902,28778,
52549,33123,34752,32559,35001,20610,22600,33537,32147,29926,20264,61556,28033,27902,28806,
52602,33124,34807,32580,34961,20603,22635,33544,32094,29940,20059,56351,27997,27917,28799,
52666,33152,34737,32544,34981,20588,22586,33537,32185,30144,20186,46377,27702,27856,28708,
52717,33137,34721,32551,34940,20588,22600,33537,32147,30951,20660,32905,27637,27948,28589,
52768,33115,34791,32544,34988,20588,22585,33530,32179,31142,19967,31160,27716,27963,28540,
52819,33145,34776,32536,34934,20588,22635,33530,32286,31071,18891,30629,27759,27925,28554,
52870,33108,34799,32559,34968,20618,22600,33544,32240,30712,17916,30212,27701,27948,28540,
52922,33138,34806,32572,34995,20603,22578,33523,32079,30278,17427,30007,27687,27932,28554,
52972,33159,34744,32565,34947,20595,22657,33516,32303,29659,18007,30056,27694,27925,28540,
53024,33138,34760,32544,34981,20595,22607,33530,32432,29575,17682,29993,27694,27971,28554,
53074,33100,34767,32573,34940,20595,22600,33502,32555,29624,17633,29958,27680,27978,28554,
53125,33173,34776,32566,34927,20603,22600,33517,32517,29765,17229,29880,27680,27932,28554,
53176,33145,34776,32566,34954,20588,22585,33516,32409,30137,19556,29957,27723,27940,28560,
53227,33130,34760,32551,34934,20580,22614,33524,32362,30319,21777,29985,27723,27940,28532,
53278,33130,34768,32580,34940,20602,22593,33544,32348,30707,27486,29972,27788,27940,28533,
53329,33130,34791,32566,34961,20595,22621,33537,32348,30973,31617,30120,27766,27947,28554,
53380,33138,34729,32601,34927,20603,22600,33523,32271,32174,45213,31117,27723,27986,28561,
53431,33151,34806,32566,35002,20595,22614,33523,32264,32385,49694,31999,27680,27963,28589,
53482,33122,34729,32573,34948,20625,22571,33530,32257,32813,53087,32296,27651,28001,28582,
53533,33180,34729,32537,34981,20603,22607,33530,32210,33718,57179,32050,27687,28017,28582,
53584,33109,34768,32544,34974,20602,22593,33523,32226,34260,59638,32078,27658,27994,28596,
53635,33166,34729,32544,34955,20603,22578,33523,32241,34308,62533,32283,27622,27971,28596,
53686,33136,34768,32551,34954,20595,22621,33530,32218,34401,64233,32451,27637,27978,28610,
53737,33173,34776,32602,34981,20603,22635,33516,32233,34189,63908,32558,27644,27963,28610,
53788,33153,34799,32530,34988,20603,22586,33537,32188,34169,65779,32749,27615,27979,28603,
53839,33145,34736,32545,34940,20603,22635,33530,32187,33838,65820,33165,27622,28017,28617,
53890,33152,34783,32602,35002,20588,22628,33530,32218,33810,65785,33215,27601,27994,28610,
53941,33173,34752,32574,34982,20595,22614,33523,32188,33887,65679,33222,27615,27963,28603,
53991,33101,34776,32559,34927,20617,22657,33530,32179,33691,65622,33391,27630,27971,28624,
54042,33130,34745,32552,34968,20603,22585,33523,32203,33797,66422,33420,27622,28025,28596,
54093,33159,34729,32594,34961,20603,22650,33544,32226,33852,65976,33350,27644,28009,28610,
54144,33152,34768,32566,34960,20610,22621,33523,32226,34168,66352,33144,27666,27971,28610,
54195,33130,34752,32566,34961,20610,22600,33530,32249,34076,65870,33215,27637,27964,28610,
54246,33124,34783,32580,34934,20603,22621,33537,32218,34090,65815,33187,27615,27971,28610,
54297,33129,34729,32602,35015,20595,22628,33523,32242,34126,65367,33102,27623,27978,28617,
54348,33145,34783,32602,34947,20595,22635,33523,32219,34133,65262,33074,27637,28017,28610,
54399,33124,34729,32566,34954,20588,22628,33537,32234,34169,65091,33010,27615,27978,28617,
54449,33144,34752,32566,34947,20610,22571,33523,32219,34304,64943,32919,27665,27986,28610,
54500,33101,34744,32581,34934,20610,22600,33537,32227,34302,64782,32883,27630,27994,28596,
54551,33116,34783,32565,34968,20603,22593,33509,32272,34330,64406,32884,27637,28009,28610,
54602,33145,34823,32580,34995,20595,22607,33544,32211,34289,64228,32919,27615,28040,28617,
54653,33166,34768,32566,34968,20610,22649,33537,32265,34358,63959,32863,27644,27994,28582,
54704,33145,34768,32551,34927,20602,22607,33537,32243,34430,63846,32827,27637,28002,28603,
54755,33159,34776,32551,34934,20595,22614,33523,32204,34457,61813,32565,27651,27971,28596,
54806,33123,34729,32544,34995,20610,22600,33517,32273,34478,59159,32276,27695,27956,28596,
54857,33130,34737,32545,34940,20603,22593,33523,32303,34471,52581,31548,27695,27971,28589,
54908,33130,34713,32581,34968,20603,22628,33524,32365,34120,43887,30517,27694,27932,28575,
54959,33123,34768,32587,34968,20610,22600,33523,32273,32638,30600,30058,27788,27925,28547,
55010,33108,34799,32552,34954,20610,22635,33537,32273,31845,27430,30001,27781,27955,28554,
55061,33138,34744,32558,34920,20640,22564,33530,32258,31206,25909,30008,27745,27925,28554,
55112,33102,34753,32573,34947,20588,22607,33530,32211,30890,24919,29895,27774,27933,28540,
55163,33145,34830,32544,34940,20595,22585,33523,32250,30538,23879,29760,27752,27971,28554,
55213,33159,34776,32552,34961,20588,22600,33530,32265,30328,23653,29760,27745,27994,28561,
55265,33167,34823,32544,34988,20580,22586,33530,32326,30363,23992,29761,27752,27933,28568,
55316,33131,34776,32566,34961,20617,22607,33530,32342,30384,23865,29705,27767,27948,28561,
55367,33159,34729,32601,34940,20618,22628,33523,32365,30362,23957,29612,27752,27940,28547,
55417,33152,34783,32565,34947,20603,22635,33530,32496,30187,21007,29803,27680,27955,28568,
55468,33167,34744,32566,34974,20603,22635,33524,32503,30342,21318,31076,27738,27971,28575,
55519,33145,34791,32601,34988,20610,22621,33530,32518,30229,23129,33351,27911,27925,28540,
55570,33102,34737,32559,34941,20603,22614,33516,32411,30103,23604,35295,27918,27956,28554,
55621,33159,34768,32616,34974,20588,22607,33537,32220,30018,20965,45668,27458,28032,28680,
55671,33167,34815,32609,34947,20602,22621,33530,32180,30019,20704,51842,27271,28002,28694,
55723,33124,34776,32573,34941,20618,22614,33537,32127,30095,20901,56380,27163,27979,28701,
55773,33188,34760,32559,34968,20603,22586,33544,32096,30131,20987,59346,27062,28010,28722,
55824,33159,34760,32609,34995,20595,22628,33523,32112,30103,21291,62236,26961,27971,28722,
55875,33181,34776,32551,34934,20603,22600,33530,32165,30138,21538,63660,26918,27994,28736,
55926,33109,34760,32552,34974,20603,22614,33530,32142,30102,21574,64260,26889,27979,28722,
55976,33138,34752,32544,34927,20595,22600,33523,32134,30230,21411,65025,26803,28010,28736,
56027,33116,34769,32594,34974,20595,22600,33530,32151,30229,21298,65451,26774,28056,28736,
56078,33131,34767,32559,34941,20573,22635,33530,32197,30145,21192,65747,26710,27964,28729,
56129,33152,34752,32573,34927,20588,22642,33537,32219,30153,21241,66049,26695,27994,28729,
56180,33117,34768,32566,34920,20610,22593,33523,32196,30153,21270,65584,26702,27979,28722,
56231,33181,34800,32602,34995,20618,22614,33524,32197,30201,21213,65309,26709,27956,28715,
56282,33123,34791,32594,34961,20603,22600,33537,32220,30140,21206,65293,26674,28017,28729,
56332,33138,34752,32551,34933,20595,22614,33516,32197,30208,21107,63993,26702,28009,28736,
56383,33152,34760,32573,34947,20588,22635,33530,32205,30139,21008,61759,26760,27964,28722,
56434,33109,34753,32566,34974,20602,22642,33530,32181,30103,21001,62733,26709,27964,28715,
56485,33145,34831,32558,34947,20595,22621,33537,32167,30117,21015,62797,26695,27995,28722,
56536,33152,34806,32558,34920,20588,22593,33516,32189,30152,21071,63609,26681,27964,28736,
56587,33145,34776,32551,34927,20610,22635,33537,32182,30125,21136,63971,26666,27972,28723,
56638,33166,34768,32551,34988,20610,22600,33537,32182,30146,20874,63492,26666,27987,28736,
56689,33144,34729,32573,34988,20625,22571,33537,32205,30126,20895,63262,26659,27995,28715,
56740,33102,34722,32558,34988,20580,22600,33530,32190,30075,21135,63879,26695,27979,28729,
56790,33167,34706,32559,34974,20617,22600,33544,32159,30146,21178,64015,26695,27971,28729,
56841,33131,34760,32573,34954,20603,22628,33523,32159,30167,21114,63740,26688,27987,28744,
56892,33181,34745,32566,34961,20603,22600,33516,32197,30118,21220,64072,26673,27979,28722,
56943,33181,34800,32588,34961,20588,22635,33517,32189,30119,21291,63392,26724,27979,28729,
56994,33130,34791,32588,34975,20603,22593,33523,32198,30125,21277,63335,26695,27979,28723,
57045,33145,34799,32574,34927,20610,22593,33530,32189,30110,21270,63625,26710,27987,28722,
57096,33167,34760,32551,34941,20603,22635,33537,32205,30118,21355,63477,26695,27979,28722,
57147,33152,34776,32559,34954,20588,22607,33509,32251,30160,21546,63628,26717,28040,28715,
57198,33138,34744,32551,34947,20588,22593,33530,32220,30119,21560,63174,26738,27987,28730,
57249,33116,34752,32566,34941,20595,22621,33530,32198,30118,21765,63074,26753,27980,28729,
57300,33196,34730,32601,34975,20603,22593,33537,32221,30126,21652,62594,26724,27949,28744,
57350,33122,34861,32588,34981,20617,22628,33530,32213,30119,21666,62779,26731,27972,28722,
57401,33123,34760,32580,34968,20603,22614,33523,32213,30104,21638,62460,26724,27980,28722,
57452,33094,34846,32551,34927,20595,22586,33517,32252,30139,21673,62219,26746,27994,28723,
57503,33151,34760,32594,34975,20595,22607,33523,32206,30069,21638,61852,26767,27979,28736,
57554,33144,34737,32581,34933,20603,22628,33523,32175,30090,21610,61533,26775,27972,28736,
57605,33131,34752,32603,34995,20610,22621,33523,32213,30090,21610,61599,26746,27987,28723,
57656,33101,34768,32588,34974,20595,22600,33523,32183,30104,21553,61967,26767,27971,28715,
57706,33166,34784,32573,34927,20617,22635,33530,32229,30160,21553,62029,26732,28002,28715,
57758,33101,34791,32616,35002,20580,22642,33530,32222,30126,21581,62721,26767,27979,28723,
57809,33138,34784,32595,35001,20610,22635,33531,32236,30176,21772,63019,26731,27994,28736,
57859,33166,34753,32588,34974,20595,22621,33517,32260,30196,21878,63296,26738,27956,28729,
57910,33094,34815,32566,35002,20603,22600,33523,32230,30181,21921,63848,26717,28010,28737,
57961,33108,34791,32544,34961,20595,22607,33537,32230,30217,22049,63756,26724,27987,28737,
58011,33166,34814,32623,34947,20603,22593,33523,32259,30195,22268,62533,26796,27987,28729,
58062,33145,34745,32551,34947,20595,22614,33530,32237,30217,22310,58100,26904,27957,28723,
58113,33152,34769,32545,34954,20588,22586,33530,32229,30056,23081,47777,27257,27941,28701,
58165,33123,34784,32595,34941,20677,22607,33516,32321,30055,23322,39588,27516,27972,28660,
58216,33139,34768,32573,34947,20625,22586,33523,32545,30197,21957,31976,27818,27964,28562,
58267,33116,34715,32609,34954,20617,22600,33537,32691,30176,20853,30972,27797,27956,28568,
58318,33151,34830,32565,34975,20595,22635,33510,32737,30077,20216,30781,27738,27964,28589,
58369,33123,34776,32581,34940,20610,22592,33537,32705,30013,19296,30505,27717,27979,28582,
58420,33124,34753,32566,35001,20618,22635,33523,32799,29929,19410,30350,27703,28033,28568,
58471,33145,34776,32602,34960,20595,22571,33544,32867,29880,23088,30400,27782,27933,28554,
58522,33152,34783,32580,34920,20588,22621,33516,32891,30020,22883,30343,27731,27948,28562,
58572,33188,34760,32537,35002,20602,22586,33530,32891,30216,23682,30280,27745,27972,28554,
58624,33138,34745,32580,34988,20603,22614,33544,32929,30055,23330,30258,27746,27941,28576,
58687,33174,34776,32544,34968,20588,22650,33523,32952,29810,21829,30181,27768,27956,28583,
58738,33217,34776,32624,34988,20610,22621,33530,32906,29719,21610,30152,27760,28002,28562,
58789,33123,34807,32566,34941,20617,22628,33530,32791,29488,21108,30089,27775,27957,28562,
58840,33123,34745,32551,34941,20595,22635,33517,32822,29430,19919,30082,27767,28010,28569,
58892,33182,34792,32580,34941,20618,22621,33537,32829,29732,18716,29954,27746,28002,28575,
58944,33094,34753,32573,34941,20603,22607,33523,32830,29824,19480,29954,27760,27971,28583,
58995,33145,34807,32580,34947,20595,22593,33530,32868,30463,28452,30436,27796,27987,28562,
59046,33116,34807,32602,34968,20588,22621,33523,32652,30696,36688,31361,27811,27979,28583,
59097,33166,34768,32602,34927,20573,22607,33516,32500,30856,43415,32661,27739,28064,28589,
59149,33116,34768,32551,34961,20603,22564,33530,32307,31146,48816,33813,27718,28057,28610,
59200,33145,34792,32609,35002,20580,22643,33523,32154,31643,53062,34301,27689,28025,28624,
59251,33116,34815,32587,34927,20580,22650,33523,32331,32675,59131,34513,27681,28048,28625,
59302,33166,34791,32580,34994,20588,22614,33530,32362,32922,61292,34965,27681,28025,28632,
59353,33181,34744,32544,34954,20603,22593,33537,32446,32934,63211,35488,27646,28041,28667,
59404,33144,34744,32530,34968,20588,22607,33531,32446,32963,63820,35616,27602,28048,28653,
59455,33130,34737,32544,34968,20588,22607,33530,32416,32907,64870,35792,27638,28010,28667,
59506,33138,34744,32559,34954,20580,22642,33537,32408,32837,64678,35771,27660,28002,28653,
59557,33102,34822,32602,34947,20602,22657,33537,32324,32718,64092,35743,27667,28033,28653,
59608,33138,34784,32595,34941,20595,22593,33524,32309,32632,63204,35545,27617,28010,28667,
59659,33117,34768,32573,34988,20588,22607,33516,32278,33041,62044,34746,27653,28010,28639,
59710,33166,34737,32609,34975,20603,22657,33530,32270,33350,61711,34280,27689,28002,28646,
59761,33174,34752,32573,34941,20610,22614,33530,32232,33490,60245,33800,27696,28010,28625,
59811,33145,34791,32595,34981,20595,22614,33516,32216,33519,61029,33764,27689,27987,28631,
59862,33160,34784,32573,34941,20610,22607,33544,32247,33414,61171,33969,27667,28010,28632,
59913,33160,34768,32567,34947,20603,22607,33531,32208,33266,61619,34082,27682,28010,28646,
59964,33138,34753,32566,34981,20603,22635,33523,32224,33273,62511,34203,27660,28002,28632,
60015,33138,34760,32552,34955,20595,22607,33544,32263,33343,62165,34084,27696,27988,28632,
60066,33174,34800,32560,34981,20595,22614,33537,32271,33323,60153,34061,27675,28002,28639,
60117,33159,34776,32573,34948,20610,22614,33537,32347,33953,44411,31136,27754,27956,28597,
60168,33195,34753,32551,34968,20595,22614,33530,32309,33829,35432,30521,27797,27979,28569,
60219,33145,34791,32537,34947,20603,22593,33537,32285,33121,29472,30493,27811,27925,28569,
60270,33173,34760,32567,34947,20610,22593,33523,32278,31995,26322,30316,27782,27972,28569,
60321,33116,34807,32609,34981,20603,22593,33551,32224,30823,24037,29878,27739,27956,28583,
60372,33159,34760,32551,34934,20580,22586,33523,32178,30907,23421,29856,27739,27972,28576,
60423,33145,34753,32595,34947,20595,22628,33530,32232,30556,22961,29807,27767,27964,28590,
60474,33131,34768,32580,34981,20588,22621,33544,32424,30360,22721,29765,27732,27964,28576,
60525,33159,34753,32537,34974,20603,22614,33523,32778,33415,21745,29814,27761,27995,28576,
60576,33153,34823,32544,34974,20595,22593,33530,32787,36856,21660,29906,27782,27949,28562,
60627,33180,34784,32559,34968,20588,22642,33523,32664,38683,21887,29906,27818,27926,28562,
60678,33108,34752,32552,34968,20602,22621,33544,32579,40993,22382,29927,27768,27942,28562,
60729,33109,34730,32559,34995,20603,22593,33537,32548,49454,24979,29991,27782,27979,28555,
60780,33152,34737,32587,34941,20603,22636,33537,32417,53615,26847,30019,27869,27949,28569,
60831,33123,34752,32566,34988,20610,22572,33530,32456,57378,27802,30012,27869,27956,28569,
60882,33116,34776,32559,34947,20602,22628,33551,32379,59332,28439,29991,27847,27949,28569,
60933,33152,34721,32551,34968,20603,22600,33523,32525,61470,28121,29948,27854,27949,28569,
60984,33174,34830,32552,34934,20588,22600,33517,32587,62679,28447,29920,27818,28033,28569,
61035,33159,34745,32537,34934,20588,22607,33537,32532,62523,28524,29984,27833,27972,28562,
61086,33167,34745,32566,34962,20603,22614,33530,32440,62981,28963,29921,27862,27964,28569,
61137,33181,34753,32551,35009,20603,22607,33531,32133,62348,30316,29850,27840,27949,28548,
61188,33225,34776,32595,34947,20580,22586,33530,32118,61372,30372,29814,27854,27987,28562,
61239,33167,34729,32559,34968,20603,22614,33544,32141,61934,30676,29843,27861,27980,28555,
61290,33174,34768,32552,34920,20588,22621,33524,32179,61746,30478,29794,27847,27995,28569,
61341,33131,34768,32581,34934,20588,22621,33516,32194,62193,30633,29815,27847,27964,28569,
61391,33152,34737,32573,34927,20610,22593,33537,32149,62551,30733,29807,27869,27988,28562,
61442,33167,34753,32602,34920,20588,22593,33523,32164,62314,30613,29815,27847,28018,28569,
61493,33174,34776,32602,34961,20602,22607,33531,32149,62159,30627,29800,27862,28018,28555,
61543,33182,34745,32551,34934,20603,22592,33530,32264,61713,30379,29815,27862,27987,28590,
61594,33123,34776,32538,34941,20603,22593,33530,32226,61484,30273,29793,27825,27972,28569,
61645,33159,34791,32558,34962,20610,22607,33531,32241,61149,30096,29815,27847,27949,28569,
61696,33166,34799,32537,34920,20610,22607,33537,32364,61265,29692,29835,27855,27972,28569,
61747,33175,34799,32602,35002,20618,22635,33537,32365,61013,29658,29793,27883,27964,28555,
61798,33211,34815,32552,34988,20580,22621,33523,32342,61104,29629,29786,27855,27972,28562,
61850,33166,34799,32559,34961,20595,22607,33537,32419,61514,29537,29801,27847,27980,28562,
61900,33175,34752,32567,34954,20595,22593,33537,32435,61028,29665,29794,27869,27941,28555,
61951,33181,34776,32566,34948,20595,22607,33523,32357,61000,29813,29822,27847,27942,28569,
62002,33138,34753,32552,34961,20580,22621,33524,32350,60543,29615,29780,27869,27965,28541,
62053,33152,34830,32603,34934,20580,22607,33537,32326,59862,29523,29850,27883,27949,28569,
62104,33124,34791,32573,34975,20603,22578,33531,32311,59491,29446,29759,27862,27980,28555,
62155,33168,34753,32594,34934,20558,22607,33523,32356,59222,29290,29787,27891,27926,28576,
62206,33145,34769,32559,34975,20610,22628,33558,32350,58856,29290,29779,27862,27941,28555,
62257,33167,34807,32616,34934,20625,22607,33530,32326,57627,28915,29786,27862,27980,28562,
62308,33123,34792,32602,34954,20602,22642,33530,32227,57157,28915,29787,27869,28057,28569,
62358,33131,34823,32588,34988,20595,22635,33524,32273,55412,28222,29801,27876,27972,28555,
62409,33123,34807,32581,34974,20617,22578,33523,32327,51386,26658,29822,27841,27980,28562,
62460,33160,34768,32566,34981,20580,22643,33537,32220,40218,23550,29786,27819,27964,28569,
62511,33197,34799,32623,34961,20573,22635,33530,32127,37332,22440,29751,27819,27972,28576,
62561,33116,34776,32559,34995,20588,22621,33523,32066,35623,21519,29737,27797,27972,28576,
62612,33152,34745,32559,34947,20610,22607,33538,32043,33797,20769,29681,27797,27980,28577,
62663,33117,34777,32587,34954,20588,22600,33537,32181,32490,20409,29547,27769,27957,28583,
62714,33160,34784,32595,34934,20595,22593,33537,32158,32280,20217,29525,27805,27965,28576,
62766,33159,34776,32610,35009,20618,22657,33530,32143,31879,19970,29546,27790,27964,28576,
62817,33239,34792,32552,34941,20610,22671,33551,31989,31521,19793,29525,27776,27995,28590,
62868,33174,34807,32544,35016,20610,22614,33537,32197,31071,19418,29610,27790,27942,28569,
62918,33173,34799,32566,34927,20603,22635,33523,33364,31098,19220,29596,27805,28018,28583,
62969,33132,34784,32595,34934,20595,22607,33537,34056,31014,19192,29589,27812,27980,28576,
63020,33174,34784,32566,34927,20617,22642,33537,33618,30958,19100,29589,27790,28026,28584,
63071,33153,34753,32566,34940,20595,22607,33544,33318,30881,19100,29574,27790,27964,28583,
63122,33175,34815,32574,34947,20610,22614,33531,33503,30769,18958,29617,27790,27980,28576,
63173,33195,34783,32616,34941,20588,22628,33516,35791,30874,18881,29596,27812,27980,28584,
63223,33161,34791,32552,34934,20625,22600,33523,38158,30846,18845,29574,27797,27980,28576,
63275,33166,34784,32566,34934,20595,22649,33530,41478,30839,18852,29603,27833,27965,28591,
63326,33124,34745,32559,34948,20588,22600,33523,50277,30818,18753,29568,27790,28010,28583,
63377,33102,34753,32587,34968,20588,22607,33544,55498,30706,18767,29596,27790,28018,28569,
63428,33109,34776,32559,34988,20603,22593,33537,58150,30692,18725,29568,27819,27987,28577,
63479,33167,34776,32551,34947,20580,22600,33516,59929,30911,18647,29610,27791,27949,28584,
63530,33167,34768,32574,34981,20580,22600,33523,60925,31163,18590,29624,27819,27987,28583,
63582,33145,34807,32595,34941,20595,22636,33530,61735,31388,18569,29632,27819,27980,28583,
63633,33174,34761,32595,34941,20610,22628,33537,63364,31676,18520,29632,27791,28041,28569,
63684,33145,34784,32587,34914,20595,22607,33538,63242,31746,18520,29632,27798,28010,28590,
63735,33181,34768,32609,34982,20610,22607,33537,64141,31992,18484,29667,27841,27995,28584,
63786,33168,34776,32537,34934,20610,22628,33537,64864,32793,18477,29674,27812,27980,28584,
63837,33145,34777,32573,34934,20595,22635,33523,64150,33039,18470,29681,27834,27950,28584,
63888,33146,34753,32573,35009,20595,22600,33537,64716,33306,18449,29724,27819,28026,28577,
63939,33225,34792,32609,34954,20595,22593,33530,65248,33103,18407,29730,27812,28003,28583,
63991,33123,34776,32595,34961,20595,22635,33530,66050,32891,18407,29681,27812,27942,28563,
64041,33167,34776,32560,34941,20595,22607,33530,65310,32871,18364,29667,27791,27995,28584,
64092,33167,34785,32573,34948,20618,22614,33537,65550,32871,18307,29674,27827,27949,28583,
64143,33138,34791,32559,34927,20618,22635,33523,65319,32828,18336,29667,27834,27972,28576,
64194,33167,34730,32551,34981,20588,22593,33530,65940,32892,18329,29660,27848,27995,28577,
64245,33145,34776,32538,34920,20610,22621,33531,65840,32751,18315,29667,27805,27965,28570,
64296,33131,34799,32544,34981,20603,22593,33537,65833,32709,18244,29689,27826,28019,28576,
64347,33117,34784,32551,34947,20603,22600,33509,65852,32737,18279,29688,27812,27949,28570,
64398,33095,34761,32551,34968,20588,22600,33531,66186,32772,18223,29688,27834,27957,28569,
64449,33160,34729,32581,34954,20603,22593,33537,66258,32576,18194,29688,27812,28026,28569,
64501,33196,34799,32602,35002,20603,22635,33544,65858,32499,18209,29681,27820,27980,28577,
64552,33152,34799,32545,34927,20588,22621,33523,65666,32498,18159,29681,27863,27957,28576,
64602,33145,34768,32559,34968,20595,22600,33544,65333,32520,18195,29653,27827,27965,28577,
64653,33117,34807,32573,34934,20595,22600,33523,64781,32303,18138,29674,27820,27965,28590,
64705,33181,34753,32573,34975,20625,22586,33523,65173,32288,18096,29710,27841,27957,28570,
64774,33130,34753,32610,34940,20603,22593,33544,65166,32231,18074,29675,27820,27957,28584,
64842,33123,34753,32545,34947,20610,22607,33530,65503,32190,18067,29653,27841,27973,28584,
64892,33174,34745,32602,34954,20603,22643,33531,67580,32057,18053,29661,27812,27965,28584,
64943,33132,34769,32595,35002,20618,22621,33544,68481,32042,18003,29646,27841,27988,28584,
64994,33145,34792,32544,34927,20610,22628,33537,66754,32092,17983,29660,27827,28003,28563,
65045,33094,34730,32551,34961,20618,22621,33544,64752,31860,17982,29696,27849,28057,28577,
65096,33174,34776,32559,34968,20580,22621,33537,53812,30581,17905,29710,27820,27950,28577,
65147,33130,34792,32602,34940,20625,22593,33523,46324,30581,17841,29703,27834,27957,28584,
65198,33166,34753,32552,34934,20603,22607,33524,42188,30609,17897,29597,27813,27988,28563,
65249,33123,34768,32560,34988,20595,22621,33531,39268,30512,17933,29618,27827,27972,28584,
65300,33131,34753,32574,34947,20603,22621,33537,37039,30469,17911,29618,27812,27957,28577,
65351,33137,34760,32595,35009,20588,22664,33517,34995,30370,17840,29639,27805,28042,28570,
65402,33131,34776,32559,35036,20573,22614,33537,34750,30433,17848,29611,27856,28042,28584,
65453,33146,34761,32609,34961,20617,22621,33530,35042,30448,17883,29590,27827,27988,28563,
65504,33145,34807,32567,34941,20633,22649,33537,35250,30350,17932,29618,27820,27995,28583,
65555,33131,34783,32573,34941,20603,22636,33537,35320,30434,17813,29611,27848,27973,28556,
65606,33124,34838,32537,35002,20588,22650,33523,35434,30568,17848,29604,27870,27989,28570,
65657,33167,34761,32574,34954,20617,22635,33523,35404,30562,17912,29626,27827,28011,28570,
65708,33124,34784,32559,34995,20610,22571,33530,35166,30519,17912,29647,27878,27988,28584,
65758,33160,34792,32573,34995,20602,22607,33523,35167,30631,17898,29675,27870,27965,28591,
65810,33152,34768,32602,34962,20610,22628,33537,34729,30590,17961,29732,27827,28042,28570,
65861,33131,34760,32573,34961,20595,22614,33530,34561,30590,17990,29662,27827,27958,28591,
65912,33131,34807,32602,34933,20618,22621,33531,34783,30575,17919,29605,27806,27957,28598,
65963,33152,34807,32552,34989,20603,22607,33537,34845,30638,17841,29528,27755,27988,28612,
66013,33131,34792,32566,35008,20595,22586,33517,34768,30393,17862,29556,27612,27958,28661,
66064,33152,34830,32559,34982,20610,22600,33523,34069,30252,17841,29633,27604,27950,28654,
66116,33174,34760,32580,34988,20588,22614,33523,33377,30287,17820,29725,27662,27958,28640,
66167,33167,34753,32566,35001,20588,22621,33530,32461,30168,17657,29528,27604,27958,28647,
66218,33116,34760,32566,34961,20595,22621,33544,32322,30153,17664,29344,27504,27934,28703,
66269,33144,34753,32573,34982,20602,22650,33530,32369,30231,19872,29563,27662,27943,28633,
66320,33153,34768,32545,34995,20588,22607,33544,32332,30226,20905,29719,27842,27943,28584,
66371,33116,34745,32545,35002,20625,22614,33537,32340,30155,20742,29669,27892,27980,28570,
66423,33131,34784,32617,34941,20588,22642,33544,32324,30121,18874,29506,27928,28034,28507,
66473,33174,34760,32566,34975,20617,22579,33537,32339,30126,18054,29485,27921,28027,28514,
66524,33152,34784,32559,34988,20588,22607,33537,32330,30091,17976,29492,27971,28065,28584,
66575,33137,34745,32551,34961,20580,22621,33530,32354,30127,17869,29485,27892,28050,28598,
66626,33138,34792,32616,34934,20603,22593,33551,32315,30069,17919,29387,27734,28027,28620,
66677,33095,34761,32574,34954,20595,22636,33524,32307,30085,17820,29316,27792,28257,28746,
66728,33204,34791,32537,35016,20603,22642,33537,32330,30063,17756,29471,27885,28242,28837,
66779,33130,34761,32545,35015,20573,22593,33530,32184,30028,17791,29499,27936,28280,28942,
66829,33130,34800,32588,34975,20588,22628,33530,32116,29880,17728,29591,27878,28142,29230,
66880,33117,34768,32545,35002,20580,22636,33524,32009,29825,17721,29626,27835,27812,29216,
66931,33175,34746,32545,34989,20580,22586,33517,32002,29837,17714,29683,27792,27629,28901,
66982,33109,34823,32624,34941,20632,22649,33530,31964,29887,17756,29725,27785,27636,28690,
67033,33131,34831,32595,34934,20618,22607,33530,31994,29844,17721,29662,27806,27628,28739,
67084,33175,34800,32558,35002,20610,22621,33517,31955,29895,17685,29640,27842,27843,29644,
67135,33145,34738,32566,34927,20595,22614,33530,31939,29916,17735,29640,27965,28012,30050,
67186,33152,34783,32588,34934,20625,22621,33523,31963,29895,17678,29619,27986,28143,30478,
67237,33152,34753,32580,34948,20603,22586,33530,32063,29845,17629,29598,28029,28280,31165,
67288,33180,34792,32566,34961,20595,22600,33530,32070,29894,17607,29598,28036,28342,32545,
67340,33145,34768,32580,35009,20595,22586,33530,32040,29950,17615,29655,28166,28396,35483,
67391,33203,34791,32588,34981,20625,22621,33530,32040,29985,17636,29669,28108,28319,36703,
67442,33117,34823,32603,34988,20588,22650,33551,32056,30055,17593,29704,28087,28350,38911,
67493,33117,34760,32559,34940,20610,22571,33524,32094,30035,17650,29755,28109,28327,40846,
67544,33159,34762,32559,34995,20625,22657,33516,32117,30042,17664,29846,27993,28342,47797,
67595,33167,34791,32552,34954,20618,22607,33523,32163,30035,17693,29775,28001,28304,50280,
67646,33159,34776,32573,34947,20580,22593,33530,32164,29987,17600,29824,27987,28242,52463,
67697,33159,34807,32574,34954,20603,22607,33544,32117,30007,17593,29789,27972,28281,53219,
67749,33145,34799,32573,34995,20603,22628,33530,32087,30014,17600,29832,27893,28312,54644,
67799,33123,34737,32552,34975,20610,22628,33517,32049,29985,17593,29846,27871,28372,55549,
67853,33130,34822,32609,35009,20595,22607,33530,32071,30028,17572,29846,27828,28472,55997,
67904,33144,34745,32609,34981,20603,22607,33523,32048,29957,17572,29839,27814,28510,56110,
67955,33152,34776,32631,34961,20610,22600,33523,32079,29929,17608,29797,27836,28473,56117,
68006,33130,34760,32545,34961,20610,22593,33530,32148,29895,17636,29825,27857,28373,54918,
68057,33160,34792,32581,34947,20610,22621,33510,32187,29958,17636,29783,27828,28289,54812,
68108,33167,34745,32566,34934,20625,22614,33537,32317,30056,17629,29768,27850,28258,54791,
68158,33160,34776,32567,35016,20610,22600,33551,32356,30056,17622,29761,27821,28219,54587,
68209,33131,34761,32566,34988,20610,22600,33530,32287,30029,17650,29754,27850,28204,54475,
68260,33174,34784,32573,34954,20595,22600,33530,32279,29994,17579,29740,27850,28242,54938,
68310,33174,34776,32623,34920,20603,22607,33523,32286,30022,17593,29740,27843,28166,54356,
68361,33129,34768,32588,35002,20588,22600,33516,32272,30015,17580,29754,27850,28204,54166,
68412,33146,34823,32587,35002,20617,22614,33551,32264,29993,17615,29762,27814,28104,54153,
68464,33116,34745,32566,34975,20595,22607,33523,32279,30028,17622,29747,27922,28043,55408,
68514,33124,34768,32552,34941,20603,22593,33530,32280,29987,17615,29733,27857,28004,55261,
68566,33174,34784,32566,34975,20625,22600,33544,32265,29995,17629,29726,27835,27997,55387,
68616,33138,34800,32581,34982,20588,22671,33516,32265,30086,17615,29783,27850,28012,54945,
68667,33116,34784,32574,34975,20588,22628,33537,32264,29979,17629,29741,27836,27997,54805,
68718,33152,34784,32588,34948,20603,22600,33551,32248,29959,17580,29740,27828,27959,54587,
68769,33124,34761,32603,34961,20625,22657,33530,32311,29993,17544,29713,27843,27905,54019,
68820,33116,34753,32551,35008,20610,22614,33516,32265,29972,17565,29726,27829,27982,53550,
68871,33123,34761,32617,34954,20617,22678,33530,32272,29973,17608,29747,27836,27936,53430,
68923,33152,34784,32558,34948,20588,22614,33537,32288,29966,17572,29776,27864,27897,53346,
68974,33145,34823,32588,34941,20618,22600,33538,32288,29980,17594,29783,27836,27890,52960,
69025,33138,34791,32616,34934,20603,22586,33523,32265,29988,17537,29726,27800,27890,52807,
69076,33145,34769,32609,34975,20595,22628,33531,32265,29966,17579,29755,27857,27867,52574,
69126,33196,34838,32580,34947,20603,22600,33544,32249,29945,17601,29727,27850,27867,51901,
69177,33109,34791,32559,35016,20595,22607,33530,32288,29932,17565,29719,27843,27851,51241,
69229,33109,34753,32551,34954,20617,22586,33538,32266,29939,17573,29734,27828,27882,50737,
69279,33109,34753,32595,34962,20580,22621,33544,32227,29952,17565,29726,27843,27920,50806,
69330,33181,34737,32559,34948,20588,22593,33516,32242,29987,17572,29712,27901,27859,51256,
69381,33124,34768,32566,34954,20603,22607,33537,32272,29967,17551,29755,27843,27821,51129,
69432,33138,34822,32595,35022,20610,22586,33537,32296,29973,17537,29719,27821,27813,50674,
69483,33131,34753,32559,34982,20603,22600,33544,32258,29968,17573,29720,27843,27805,50119,
69534,33131,34784,32602,34941,20602,22600,33523,32220,29945,17566,29733,27829,27760,46928,
69585,33131,34745,32537,34941,20595,22600,33530,32197,29975,17537,29699,27894,27767,42672,
69635,33152,34799,32602,35015,20595,22628,33530,32182,29946,17544,29649,27965,27806,38731,
69686,33137,34784,32559,34975,20595,22614,33537,32151,29967,17509,29670,27966,27783,34706,
69738,33145,34784,32581,34988,20595,22593,33531,32098,29876,17495,29685,27786,27851,29861,
69789,33131,34753,32574,34982,20603,22621,33523,32097,29883,17530,29657,27785,27813,29489,
69840,33174,34761,32559,34982,20595,22614,33503,32167,29889,17459,29755,27778,27598,28963,
69891,33152,34784,32567,34988,20588,22657,33523,32174,29939,17509,29727,27764,27721,28682,
69942,33124,34754,32602,34934,20603,22586,33530,32181,29911,17488,29692,27786,27913,28956,
69992,33174,34753,32602,34975,20603,22607,33537,32237,29981,17453,29706,27793,27943,29615,
70043,33218,34768,32610,34995,20610,22614,33537,32266,29982,17474,29677,27778,27698,29216,
70094,33182,34862,32559,34955,20595,22635,33530,32190,29925,17488,29713,27706,27453,28754,
70145,33131,34792,32573,34954,20603,22628,33530,32197,29834,17446,29770,27677,27568,28760,
70196,33160,34768,32581,35036,20610,22593,33551,32052,29708,17460,29763,27642,27621,28781,
70247,33138,34776,32595,34975,20595,22621,33524,32013,29666,17488,29763,27627,27605,28880,
70298,33182,34815,32552,34947,20573,22607,33530,32037,29694,17452,29827,27685,27767,29118,
70349,33131,34793,32588,35016,20603,22593,33530,32013,29736,17453,29770,27728,27775,29434,
70400,33160,34746,32567,34955,20595,22593,33524,31960,29701,17467,29784,27657,27714,29245,
70451,33204,34753,32617,34968,20618,22607,33537,31944,29686,17445,29805,27649,27591,29189,
70502,33138,34776,32603,34947,20610,22593,33544,31922,29687,17452,29805,27671,27606,29161,
70553,33138,34769,32545,34954,20610,22593,33530,31899,29743,17438,29749,27678,27675,29230,
70604,33181,34824,32588,34982,20595,22628,33523,31798,29665,17453,29777,27656,27737,29553,
70655,33145,34745,32609,34934,20595,22628,33516,31684,29616,17439,29834,27584,27676,29602,
70706,33131,34799,32559,34948,20595,22593,33530,31606,29533,17481,29911,27519,27683,29742,
70757,33174,34815,32559,34988,20603,22614,33530,31607,29533,17431,29854,27527,27706,29953,
70808,33123,34745,32580,34941,20603,22607,33544,31546,29505,17417,29841,27484,27622,30317,
70859,33189,34807,32602,34968,20595,22614,33517,31576,29490,17474,29819,27534,27752,31208,
70966,33166,34784,32595,34961,20610,22614,33530,31915,29645,17396,29749,27765,28090,34082,
71018,33175,34791,32545,34975,20580,22593,33524,31953,29652,17382,29707,27879,28212,37195,
71069,33139,34776,32573,34968,20618,22621,33530,31938,29652,17368,29742,27822,28320,38822,
71120,33153,34761,32574,34934,20610,22586,33524,32045,29645,17332,29784,27836,28458,41712,
71171,33124,34745,32573,34988,20618,22593,33537,32137,29772,17368,29778,27722,28688,49405,
71222,33138,34792,32574,34989,20595,22614,33531,32145,29836,17424,29799,27721,28780,52835,
71274,33123,34815,32574,34995,20588,22621,33530,32191,29842,17438,29792,27693,29056,55341,
71324,33189,34784,32566,34981,20603,22650,33537,32230,29850,17375,29877,27671,29378,57909,
71376,33146,34792,32602,34968,20610,22586,33523,32191,29898,17446,29834,27657,29509,62821,
71427,33160,34737,32559,34954,20595,22600,33530,32230,29864,17368,29834,27700,29616,63593,
71478,33139,34800,32552,34941,20603,22621,33523,32191,29863,17439,29848,27628,29685,64134,
71529,33152,34769,32602,34954,20595,22614,33537,32199,29871,17410,29884,27664,29685,64176,
71580,33123,34761,32560,34988,20580,22635,33516,32230,29871,17396,29848,27649,29792,63284,
71631,33152,34784,32610,34947,20610,22600,33530,32214,29884,17403,29820,27664,29715,62989,
71682,33146,34753,32567,34941,20595,22621,33523,32192,29898,17424,29849,27664,29769,63543,
71733,33116,34746,32587,34948,20595,22621,33551,32207,29891,17389,29841,27650,29731,63079,
71785,33153,34746,32573,34982,20610,22600,33524,32207,29884,17403,29876,27650,29846,64751,
71836,33159,34838,32566,34947,20595,22593,33531,32223,29878,17361,29820,27628,29869,66448,
71887,33159,34769,32566,34941,20670,22614,33524,32253,29871,17375,29877,27657,29885,67627,
71939,33137,34730,32552,34982,20603,22607,33530,32253,29885,17417,29849,27650,29808,66808,
71990,33154,34730,32574,34981,20595,22614,33537,32245,29906,17382,29863,27592,29754,65551,
72041,33138,34823,32544,34947,20595,22614,33544,32231,29878,17403,29877,27607,29325,60289,
72092,33137,34862,32573,34968,20595,22628,33523,32246,29878,17375,29849,27628,28964,55784,
72143,33095,34753,32566,34982,20595,22600,33544,32215,29893,17396,29849,27599,28596,48368,
72194,33196,34761,32559,34955,20618,22614,33523,32130,29815,17425,29813,27600,28274,42547,
72245,33174,34769,32552,34961,20595,22628,33551,32024,29709,17368,29792,27614,27959,33171,
72295,33167,34800,32573,34934,20640,22635,33523,31985,29639,17361,29771,27628,27806,31670,
72346,33130,34839,32574,34974,20603,22593,33531,31909,29605,17333,29736,27643,27775,30542,
72398,33145,34776,32537,34941,20640,22600,33516,31940,29562,17340,29778,27686,27791,30121,
72449,33138,34753,32574,34968,20595,22600,33530,31924,29675,17375,29736,27665,27776,29890,
72499,33153,34753,32602,34954,20610,22649,33523,31871,29598,17361,29764,27650,27775,29700,
72550,33131,34769,32616,34975,20603,22593,33516,31870,29620,17326,29778,27657,27760,29665,
72601,33160,34807,32588,34934,20595,22586,33524,31870,29613,17304,29771,27679,27768,29652,
72653,33175,34784,32588,34934,20610,22621,33537,31925,29688,17354,29736,27657,27783,29694,
72703,33131,34838,32552,34982,20618,22593,33530,31909,29613,17290,29722,27664,27783,29743,
72754,33166,34838,32552,34995,20595,22614,33531,31941,29661,17347,29729,27672,27775,29974,
72805,33131,34745,32552,34934,20610,22621,33530,31916,29633,17312,29779,27657,27775,30009,
72856,33131,34730,32551,34940,20603,22600,33531,31917,29641,17333,29736,27693,27791,30073,
72907,33088,34807,32609,34954,20603,22593,33537,31932,29641,17333,29715,27664,27791,30220,
72958,33123,34838,32559,34954,20610,22650,33537,31924,29646,17347,29708,27664,27791,30402,
73009,33108,34745,32588,34988,20588,22650,33537,31917,29661,17347,29680,27664,27768,30402,
73060,33152,34784,32566,34954,20580,22635,33544,31910,29641,17340,29715,27679,27807,30549,
73110,33109,34792,32617,34954,20625,22600,33523,31948,29683,17305,29701,27701,27807,30760,
73161,33123,34831,32581,34961,20610,22614,33524,31987,29718,17283,29693,27700,27868,31391,
73213,33123,34768,32581,35002,20595,22614,33544,31933,29683,17319,29715,27743,27929,31685,
73264,33138,34823,32602,34954,20610,22643,33531,31918,29689,17262,29729,27751,27906,31748,
73315,33116,34815,32559,34955,20573,22657,33530,31978,29697,17326,29680,27758,27914,31755,
73366,33145,34753,32581,34954,20610,22586,33523,31917,29774,17326,29694,27729,27906,31748,
73417,33153,34769,32559,34975,20603,22621,33530,31987,29739,17319,29708,27736,27945,31678,
73468,33175,34792,32567,34954,20588,22621,33544,31987,29676,17312,29659,27758,27906,31566,
73518,33167,34768,32552,34927,20595,22607,33537,31940,29690,17326,29694,27744,27891,31559,
73570,33218,34745,32617,34954,20610,22600,33537,31933,29697,17298,29680,27736,27899,31559,
73621,33145,34769,32559,34975,20595,22635,33530,31948,29676,17340,29729,27736,27898,31678,
73671,33138,34768,32567,34988,20603,22600,33524,31941,29690,17255,29645,27780,27891,31840,
73722,33116,34814,32574,34941,20603,22607,33538,32040,29712,17297,29652,27773,27906,32029,
73773,33145,34807,32573,34975,20603,22614,33530,31963,29704,17277,29673,27773,27960,32225,
73824,33166,34753,32603,34975,20610,22607,33530,32025,29804,17269,29666,27795,27991,32457,
73875,33146,34769,32538,34941,20603,22600,33530,31925,29781,17276,29715,27758,28021,33768,
73925,33110,34792,32552,34975,20580,22586,33537,31980,29788,17326,29730,27715,28075,36446,
73976,33145,34830,32574,34947,20595,22614,33537,32049,29817,17269,29772,27715,28098,40891,
74027,33123,34777,32567,34981,20595,22628,33530,32110,29887,17312,29772,27729,27929,46243,
74078,33167,34792,32595,34948,20595,22593,33537,32225,29921,17312,29730,27780,27921,56241,
74129,33160,34831,32559,34948,20647,22650,33544,32241,29943,17305,29723,27794,27968,60310,
74180,33116,34799,32538,34947,20603,22635,33530,32264,29928,17262,29751,27809,28082,63020,
74230,33101,34753,32566,34940,20610,22614,33517,32210,29943,17305,29751,27787,28174,65098,
74281,33116,34792,32581,34961,20573,22628,33531,32225,29915,17269,29786,27737,28259,66530,
74332,33123,34862,32559,34988,20610,22600,33531,32225,29915,17340,29814,27679,28428,67470,
74383,33138,34730,32567,34975,20603,22593,33530,32249,29917,17277,29822,27715,28374,68340,
74434,33153,34768,32603,34961,20632,22621,33544,32279,29908,17283,29828,27708,28366,68823,
74485,33137,34815,32567,34954,20625,22614,33524,32272,29915,17298,29864,27686,28352,68656,
74536,33152,34792,32588,34948,20588,22607,33530,32249,29971,17262,29829,27701,28321,68809,
74587,33145,34776,32567,34961,20610,22621,33530,32279,29937,17291,29836,27715,28297,69231,
74638,33166,34800,32610,35009,20595,22593,33537,32271,29950,17269,29843,27708,28190,69036,
74690,33116,34808,32581,34968,20603,22621,33524,32288,29965,17269,29836,27693,28090,68627,
74741,33138,34800,32582,34934,20595,22607,33537,32288,29931,17312,29844,27708,28060,68964,
74792,33124,34776,32581,34948,20595,22592,33544,32272,29965,17291,29808,27722,28006,67918,
74842,33145,34839,32581,34955,20603,22586,33517,32295,29944,17319,29850,27701,27983,68010,
74893,33188,34838,32566,34954,20610,22600,33530,32272,29958,17291,29851,27686,28013,68206,
74944,33152,34792,32559,34995,20618,22636,33544,32303,29951,17248,29829,27687,27944,68521,
74995,33138,34784,32560,34975,20618,22593,33537,32280,29915,17277,29857,27694,28044,68725,
75046,33109,34792,32574,34995,20618,22585,33531,32296,29894,17255,29857,27679,27929,67990,
75097,33166,34776,32559,34968,20618,22628,33544,32288,29993,17255,29837,27715,28021,67981,
75149,33145,34831,32595,34941,20632,22635,33538,32296,29895,17305,29822,27672,27945,67547,
75200,33123,34776,32566,34988,20603,22622,33524,32312,29951,17276,29850,27679,27952,67343,
75251,33167,34784,32581,34961,20610,22657,33523,32327,29944,17305,29794,27744,27967,66957,
75301,33124,34769,32595,34989,20618,22600,33530,32311,29881,17269,29850,27722,27883,66284,
75352,33116,34815,32566,34988,20588,22614,33523,32289,29902,17241,29829,27687,27876,66165,
75403,33116,34823,32538,34955,20618,22614,33551,32296,29882,17291,29823,27650,27907,65912,
75454,33152,34785,32567,34941,20588,22614,33523,32311,29902,17269,29851,27658,27860,65589,
75505,33166,34791,32552,34995,20595,22621,33524,32319,29903,17213,29822,27679,27806,64971,
75556,33122,34792,32610,35029,20595,22621,33524,32273,29959,17270,29822,27708,27776,64642,
75607,33116,34776,32595,34934,20595,22586,33531,32273,29923,17255,29822,27708,27807,64276,
75658,33160,34784,32567,34975,20618,22600,33523,32305,29896,17291,29837,27658,27783,63645,
75710,33131,34769,32573,35002,20603,22650,33537,32274,30000,17256,29795,27723,27753,63672,
75761,33146,34800,32560,34927,20603,22600,33537,32296,29966,17220,29809,27672,27761,63820,
75812,33124,34761,32588,35009,20610,22614,33530,32297,29931,17284,29822,27672,27753,63546,
75863,33160,34776,32624,34961,20618,22600,33530,32319,29931,17277,29865,27651,27776,63491,
75913,33167,34800,32602,34981,20610,22628,33530,32297,29923,17234,29844,27701,27814,63814,
75964,33145,34823,32559,34975,20580,22586,33523,32305,29959,17234,29815,27665,27838,63989,
76015,33138,34800,32609,34941,20618,22614,33523,32304,29917,17199,29830,27658,27845,64474,
76066,33145,34784,32588,34927,20610,22593,33523,32305,29904,17241,29844,27680,27845,64194,
76117,33123,34792,32567,34995,20610,22614,33544,32336,30001,17234,29844,27672,27814,64235,
76169,33139,34807,32559,34954,20625,22628,33524,32305,29882,17270,29844,27687,27792,63779,
76219,33131,34839,32552,34941,20580,22636,33531,32313,29890,17262,29837,27665,27860,63624,
76270,33124,34792,32574,34995,20595,22650,33530,32297,29931,17227,29837,27673,27853,63821,
76322,33131,34776,32559,34955,20595,22628,33524,32352,29939,17220,29873,27673,27784,63647,
76373,33109,34769,32566,34948,20610,22629,33530,32328,29939,17213,29865,27694,27776,63218,
76424,33160,34776,32595,34982,20603,22614,33538,32321,29903,17227,29851,27694,27791,62994,
76475,33138,34784,32574,34988,20610,22600,33531,32336,29875,17206,29844,27665,27730,62608,
76526,33160,34830,32581,34982,20677,22621,33530,32298,29889,17206,29887,27673,27646,61815,
76577,33159,34799,32581,34934,20588,22628,33544,32297,29910,17228,29837,27738,27668,60601,
76628,33175,34830,32574,34948,20603,22586,33524,32289,29917,17235,29837,27687,27661,59976,
76679,33124,34777,32602,34975,20618,22664,33537,32321,29876,17242,29873,27687,27661,60152,
76730,33124,34768,32566,35002,20610,22600,33530,32328,29889,17242,29823,27673,27630,60383,
76781,33108,34761,32645,34941,20588,22635,33531,32290,29882,17199,29844,27687,27623,60067,
76832,33153,34800,32567,34995,20603,22593,33523,32321,29904,17206,29859,27672,27738,60476,
76882,33161,34792,32624,34961,20603,22635,33537,32298,29883,17185,29831,27680,27646,60209,
76933,33138,34800,32624,34947,20603,22614,33530,32298,29883,17256,29810,27680,27677,59956,
76985,33138,34737,32602,34968,20610,22600,33531,32314,29903,17227,29816,27673,27677,60315,
77035,33145,34761,32567,34961,20610,22593,33524,32322,29869,17249,29880,27680,27677,60278,
77086,33182,34785,32609,34947,20610,22593,33524,32298,29974,17199,29837,27658,27661,60166,
77138,33124,34785,32559,34982,20610,22621,33538,32314,29939,17235,29817,27702,27638,60406,
77192,33123,34800,32581,34982,20595,22593,33544,32292,29932,17227,29852,27694,27684,61430,
77265,33139,34754,32574,34934,20618,22600,33544,32322,29890,17228,29858,27687,27653,63725,
77316,33139,34792,32567,34962,20603,22607,33530,32329,29897,17192,29845,27673,27623,63895,
77368,33124,34815,32595,34995,20618,22628,33537,32299,29967,17192,29816,27687,27730,46573,
77419,33159,34807,32566,34948,20618,22614,33544,32215,29828,17199,29845,27629,27730,37473,
77470,33110,34792,32581,34948,20603,22621,33537,32200,29820,17192,29845,27615,27784,32374,
77521,33124,34784,32573,34955,20595,22600,33530,32207,29821,17228,29859,27586,27838,30495,
77572,33131,34838,32566,34934,20603,22621,33531,32100,29757,17214,29810,27550,27715,29198,
77623,33168,34753,32580,34941,20580,22635,33530,32046,29750,17213,29774,27593,27677,29141,
77673,33124,34769,32559,34975,20595,22593,33551,32015,29715,17228,29753,27694,27830,29274,
77724,33158,34777,32567,34968,20580,22642,33544,31985,29730,17157,29682,27716,27860,29168,
77775,33166,34738,32609,34961,20625,22635,33537,31977,29737,17221,29598,27787,27845,29078,
77826,33197,34769,32574,34975,20595,22643,33538,31999,29814,17199,29760,27730,27907,29247,
77877,33139,34745,32552,34968,20595,22621,33531,32047,29842,17207,29753,27702,27976,29338,
77928,33196,34745,32638,34988,20580,22636,33530,32031,29891,17206,29697,27709,27754,29163,
77979,33196,34793,32574,34941,20610,22621,33531,32023,29821,17235,29697,27737,27884,29058,
78030,33167,34761,32595,35022,20610,22607,33531,32008,29856,17228,29754,27687,28329,29738,
78080,33159,34737,32552,35023,20595,22621,33537,32015,29891,17235,29739,27745,28644,30607,
78131,33145,34784,32567,34982,20603,22628,33524,32039,29863,17199,29683,27911,28744,31148,
78182,33131,34761,32552,34995,20618,22600,33524,32070,29843,17192,29612,27968,28521,32375,
78232,33139,34784,32552,34961,20610,22614,33524,32062,29828,17150,29570,28026,28291,32501,
78284,33131,34784,32588,34955,20580,22614,33531,32054,29906,17178,29563,27853,28291,31106,
78335,33124,34784,32581,34981,20618,22628,33517,32040,29870,17235,29612,27709,28275,30755,
78386,33153,34792,32560,35002,20610,22621,33538,32085,29863,17214,29669,27665,28237,29682,
78436,33168,34784,32588,34941,20610,22593,33538,32125,29891,17235,29690,27716,28045,29093,
78487,33181,34745,32602,34975,20595,22621,33531,32116,29877,17228,29697,27738,28007,29829,
78538,33145,34785,32595,34975,20603,22635,33523,32155,29856,17235,29726,27659,27830,30685,
78590,33152,34761,32567,34948,20610,22600,33531,32039,29905,17284,29867,27457,27485,30686,
78641,33168,34761,32552,34948,20603,22593,33538,31993,29843,17235,29853,27450,27539,30356,
78692,33153,34761,32559,34988,20588,22621,33544,31970,29900,17327,29853,27414,28015,28856,
78743,33131,34784,32602,34995,20603,22621,33551,32131,29919,17228,29846,27457,28421,29177,
78794,33167,34815,32595,34968,20595,22628,33524,32063,29926,17192,29782,27637,28460,29065,
78845,33160,34768,32574,34928,20610,22600,33530,32070,29955,17207,29789,27630,28567,29051,
78896,33145,34823,32588,34927,20595,22650,33517,32124,29919,17214,29796,27601,28974,29100,
78946,33174,34777,32559,34941,20595,22607,33523,32170,29941,17200,29881,27724,32832,29205,
78997,33131,34769,32581,34948,20595,22607,33523,32140,29935,17178,29916,27839,35287,29696,
79048,33139,34807,32559,34988,20610,22614,33537,32193,29899,17193,29895,27875,39936,30138,
79099,33145,34815,32552,34982,20610,22586,33523,32202,29900,17214,29930,28055,44932,30467,
79150,33182,34793,32545,34954,20610,22607,33537,32263,29948,17214,30008,28674,50573,30474,
79201,33160,34800,32559,34954,20603,22628,33538,32278,29858,17228,30001,28523,61307,32185,
79252,33117,34769,32566,34975,20603,22600,33544,32293,29864,17228,30023,28343,63771,32851,
79303,33174,34784,32574,34955,20610,22607,33537,32264,29906,17256,30016,28479,64487,32789,
79354,33138,34769,32602,34941,20603,22642,33530,32294,29842,17256,30030,28458,65407,33119,
79405,33176,34830,32566,35022,20610,22600,33523,32286,29886,17278,30051,28552,64852,32929,
79456,33168,34746,32573,34941,20610,22607,33538,32278,29829,17249,30038,28552,64585,32803,
79507,33124,34777,32602,34935,20603,22614,33537,32309,29844,17242,30022,28422,63787,32943,
79558,33131,34776,32567,34996,20603,22593,33523,32302,29836,17242,30023,28401,62957,32838,
79609,33124,34761,32567,34947,20603,22607,33544,32287,29887,17263,30045,28286,61298,32985,
79659,33131,34776,32566,35016,20588,22628,33545,32302,29878,17249,30037,28250,59786,32985,
79710,33124,34808,32545,34968,20618,22600,33530,32295,29858,17256,30030,28436,61174,32950,
79761,33125,34815,32581,34948,20595,22607,33524,32301,29913,17214,30037,28351,59871,32950,
79812,33160,34792,32582,34975,20603,22614,33544,32294,29871,17270,30002,28358,59625,32950,
79863,33124,34761,32610,35009,20618,22614,33531,32287,29899,17214,30002,28379,59073,32642,
79913,33117,34784,32552,34988,20610,22600,33530,32279,29857,17214,30002,28142,56078,32403,
79964,33153,34753,32573,34948,20588,22607,33551,32302,29942,17207,30037,28242,55946,32249,
80015,33138,34793,32581,34968,20610,22586,33537,32294,29872,17207,30030,28307,57014,32340,
80066,33138,34785,32581,34982,20640,22600,33530,32295,29899,17221,29995,28279,56807,32340,
80118,33167,34776,32573,35002,20580,22643,33544,32349,29914,17228,30009,28336,57182,32192,
80168,33152,34792,32538,34955,20595,22607,33544,32310,29886,17228,30017,28343,56417,32102,
80219,33124,34753,32574,34988,20610,22607,33531,32287,29934,17200,29995,28221,54721,31891,
80270,33152,34761,32610,35023,20603,22586,33530,32256,29963,17207,29975,27940,49961,31660,
80321,33110,34784,32552,34961,20603,22600,33524,32180,29937,17200,29917,27832,39623,30033,
80372,33146,34761,32538,34927,20603,22628,33531,32164,29886,17200,29925,27825,34774,29612,
80424,33138,34769,32617,34948,20595,22628,33523,32157,29935,17257,29889,27638,31652,29416,
80474,33153,34792,32559,34961,20595,22614,33530,32103,29887,17165,29896,27566,30048,29318,
80526,33131,34769,32602,34981,20610,22628,33523,32104,29916,17129,29720,27724,28621,29185,
80577,33145,34738,32588,35023,20580,22600,33551,32096,29936,17101,29649,27774,28444,29135,
80628,33138,34776,32574,34995,20595,22614,33524,32142,29950,17158,29698,27760,28598,29171,
80679,33139,34792,32588,34955,20603,22614,33531,32126,29936,17122,29698,27717,28614,29129,
80730,33152,34785,32581,34968,20610,22628,33530,32119,29985,17150,29698,27811,28521,29094,
80780,33138,34753,32566,34948,20610,22600,33551,32165,29936,17136,29727,27616,27946,28918,
80831,33153,34768,32574,34996,20603,22614,33558,32189,29880,17151,29776,27551,27838,28834,
80883,33145,34769,32574,34975,20588,22643,33531,32173,30000,17137,29748,27565,28106,29157,
80934,33153,34746,32566,34995,20603,22628,33523,32181,29901,17172,29748,27645,28137,32067,
80985,33138,34792,32552,34941,20610,22607,33531,32242,29893,17129,29797,27702,28053,42167,
81036,33109,34808,32574,34955,20610,22621,33544,32273,29915,17115,29840,27817,27816,46432,
81087,33138,34808,32552,34996,20603,22621,33545,32327,29922,17108,29769,27853,27907,52838,
81138,33153,34753,32567,34955,20580,22650,33524,32319,29942,17101,29776,27868,28092,59170,
81189,33138,34769,32588,35029,20603,22607,33537,32304,29901,17129,29854,27832,28268,70266,
81240,33132,34753,32582,34996,20610,22607,33531,32334,29922,17165,29812,27839,28253,73197,
81291,33125,34784,32588,34948,20603,22621,33530,32335,29922,17129,29811,27832,28452,75274,
81342,33145,34831,32574,34961,20610,22628,33530,32350,29965,17186,29812,27781,28606,76370,
81392,33131,34761,32552,34961,20595,22614,33545,32327,29880,17151,29826,27760,28728,77488,
81443,33139,34846,32580,35023,20610,22593,33530,32358,29950,17108,29889,27753,28682,77588,
81494,33174,34762,32588,34948,20625,22586,33545,32366,29937,17115,29876,27782,28636,77409,
81545,33131,34762,32567,35036,20595,22628,33523,32327,29894,17186,29826,27753,28552,76674,
81596,33159,34800,32624,34974,20610,22607,33517,32336,29895,17129,29827,27774,28483,74663,
81647,33132,34800,32617,34989,20603,22621,33531,32335,29894,17158,29854,27789,28498,72128,
81698,33124,34815,32610,34941,20595,22614,33531,32412,29887,17123,29818,27774,28444,70788,
81749,33138,34784,32559,34975,20603,22600,33538,32343,29874,17136,29875,27760,28537,72296,
81800,33110,34800,32574,34989,20610,22621,33530,32405,29937,17122,29812,27774,28383,71237,
81851,33153,34761,32552,35002,20625,22628,33531,32312,29950,17200,29840,27774,28376,71335,
81903,33131,34808,32574,34995,20618,22614,33531,32366,29860,17115,29827,27775,28521,71996,
81954,33123,34816,32567,34982,20603,22600,33523,32389,29902,17186,29854,27782,28315,71105,
82005,33131,34785,32595,34961,20625,22628,33538,32335,29958,17214,29876,27774,28245,70444,
82056,33124,34816,32560,34961,20588,22600,33537,32389,29915,17122,29876,27753,28222,69861,
82107,33110,34816,32588,34941,20603,22636,33531,32350,29902,17137,29847,27717,28039,68913,
82158,33189,34800,32595,34989,20610,22628,33530,32312,29880,17123,29834,27774,28138,69136,
82209,33131,34768,32617,35002,20603,22621,33537,32336,29909,17122,29840,27789,28039,68773,
82259,33125,34784,32596,34982,20588,22650,33530,32313,29945,17144,29834,27753,28039,69257,
82310,33145,34800,32574,34955,20595,22593,33524,32367,29966,17094,29862,27768,28016,70065,
82361,33167,34753,32574,34975,20610,22621,33551,32329,29895,17129,29868,27760,28000,69912,
82412,33153,34769,32603,34988,20603,22643,33538,32329,29923,17137,29897,27724,28047,70634,
82463,33132,34761,32559,35002,20625,22600,33530,32351,29910,17158,29827,27738,27985,71012,
82514,33138,34761,32610,34975,20610,22614,33530,32345,29930,17186,29848,27717,28016,71252,
82565,33182,34753,32609,34982,20610,22628,33517,32336,29909,17158,29834,27739,28062,72257,
82616,33152,34746,32567,34982,20603,22614,33517,32367,29903,17172,29897,27753,28031,72896,
82667,33138,34753,32552,34948,20603,22635,33523,32337,29896,17122,29862,27753,28077,73149,
82718,33204,34777,32573,34982,20610,22628,33524,32375,29924,17101,29905,27739,28093,73957,
82769,33168,34761,32574,35016,20603,22593,33544,32390,29902,17108,29841,27753,28146,74084,
82820,33168,34753,32574,34982,20618,22621,33537,32344,29896,17137,29862,27739,28146,73930,
82871,33152,34753,32574,34962,20610,22571,33524,32336,29903,17102,29827,27797,28177,73873,
82923,33168,34800,32567,34988,20588,22628,33524,32329,29966,17094,29862,27753,28154,73382,
82973,33138,34722,32602,34948,20618,22593,33530,32336,29959,17158,29855,27767,28077,72139,
83024,33161,34784,32552,34955,20603,22614,33538,32352,29960,17165,29876,27739,28085,72112,
83075,33182,34777,32559,34934,20603,22621,33531,32367,29889,17130,29848,27761,28039,71417,
83141,33182,34815,32588,35002,20632,22614,33523,32383,29875,17201,29855,27767,28023,70552,
83206,33167,34769,32552,34996,20618,22600,33537,32384,29903,17137,29835,27768,28046,70819,
83257,33124,34831,32581,34941,20618,22614,33523,32345,29946,17108,29855,27754,28008,70609,
83308,33174,34785,32595,34941,20610,22607,33537,32392,29883,17102,29912,27746,28039,69676,
83359,33132,34792,32552,34948,20595,22642,33544,32345,29967,17130,29834,27760,28024,68350,
83410,33182,34761,32559,34989,20588,22614,33537,32330,29938,17123,29848,27739,27862,65394,
83461,33168,34777,32596,34948,20610,22586,33531,32315,29917,17201,29869,27768,27809,61786,
83512,33124,34792,32581,34969,20610,22586,33537,32329,29910,17130,29828,27718,27678,56164,
83563,33145,34761,32618,34975,20618,22635,33531,32299,29876,17130,29897,27696,27816,43974,
83614,33145,34754,32610,34920,20603,22607,33537,32384,29925,17123,29756,27804,27985,37625,
83665,33160,34777,32545,34955,20595,22614,33537,32316,29868,17123,29714,27912,28139,33676,
83716,33146,34777,32596,34948,20610,22600,33544,32338,29924,17095,29658,27876,28161,31361,
83767,33146,34800,32581,34968,20595,22600,33531,32346,29826,17094,29679,27832,28115,30056,
83818,33153,34761,32610,34995,20618,22593,33530,32338,29847,17109,29664,27832,28092,30035,
83869,33182,34777,32567,34975,20603,22614,33538,32292,29791,17102,29679,27768,28054,29965,
83920,33175,34761,32566,34955,20618,22614,33530,32315,29840,17109,29658,27789,28107,29951,
83971,33161,34746,32595,34961,20625,22607,33517,32399,29910,17137,29707,27754,28070,29895,
84022,33131,34777,32552,34954,20625,22607,33544,32361,29904,17123,29643,27746,28070,29776,
84074,33139,34815,32566,34934,20603,22593,33531,32353,29876,17158,29651,27753,27908,29748,
84125,33167,34738,32560,35002,20610,22600,33538,32353,29903,17080,29586,27840,27985,29706,
84177,33139,34777,32566,34962,20603,22635,33537,32391,29876,17102,29587,27832,27977,29664,
84228,33154,34754,32596,34968,20595,22642,33537,32376,29904,17080,29636,27854,27961,29110,
84279,33146,34792,32567,35002,20595,22628,33531,32399,29897,17144,29601,27832,27961,29054,
84330,33146,34761,32574,34975,20595,22628,33531,32385,29882,17144,29629,27854,27984,29040,
84381,33167,34761,32560,35002,20610,22614,33537,32354,29904,17073,29629,27825,27938,29040,
84432,33117,34769,32610,34988,20595,22593,33531,32361,29889,17116,29615,27854,27946,29019,
84483,33174,34839,32567,34982,20603,22621,33537,32361,29932,17109,29601,27839,27939,29005,
84534,33145,34769,32610,35009,20617,22621,33531,32361,29890,17066,29657,27868,28038,28997,
84584,33146,34839,32603,34989,20625,22636,33517,32361,29947,17081,29615,27832,27954,28998,
84635,33145,34746,32610,34941,20603,22643,33531,32370,29883,17088,29615,27854,27946,28970,
84686,33168,34753,32567,34968,20610,22607,33531,32438,29946,17102,29601,27861,27961,28963,
84737,33153,34745,32602,34982,20603,22607,33531,32385,29890,17066,29615,27847,27977,28949,
84788,33182,34769,32567,34968,20618,22600,33544,32408,29883,17088,29601,27854,27969,28970,
84840,33167,34754,32567,34947,20595,22600,33531,32362,29932,17095,29601,27861,28015,28956,
84890,33182,34792,32574,35009,20603,22622,33523,32447,29883,17109,29595,27883,27954,28942,
84941,33152,34800,32566,34968,20588,22607,33531,32369,29891,17109,29637,27839,27977,28928,
84992,33153,34791,32552,35029,20603,22593,33538,32377,29919,17088,29622,27868,27954,28935,
85043,33174,34769,32581,34989,20618,22614,33544,32393,29940,17151,29636,27854,27954,28935,
85094,33073,34769,32545,35009,20618,22579,33524,32385,29876,17102,29594,27847,27962,28921,
85145,33023,34699,32588,34955,20632,22593,33530,32408,29911,17109,29615,27919,27977,28914,
85196,33030,34660,32552,35009,20632,22579,33531,32362,29876,17137,29658,27854,27977,28900,
85247,33110,34706,32473,34982,20603,22579,33531,32385,29904,17081,29602,27861,28015,28914,
85298,33189,34676,32502,34975,20632,22579,33538,32439,29946,17116,29616,27861,27984,28900,
85349,33211,34700,32480,35016,20603,22529,33537,32379,29905,17088,29637,27846,28023,28907,
85400,33304,34669,32494,34982,20603,22572,33544,32400,29890,17123,29601,27926,27985,28872,
85451,33160,34784,32610,34968,20580,22579,33531,32417,29905,17095,29608,27883,27985,28893,
85502,33145,34792,32581,35029,20558,22586,33565,32432,29884,17074,29601,27854,27984,28886,
85553,33132,35033,32530,34962,20610,22650,33593,32440,29955,17116,29622,27926,28031,28893,
85603,33168,34963,32596,34961,20603,22636,33517,32386,29863,17088,29615,27875,27992,28879,
85654,33456,34909,32589,34935,20618,22614,33420,32394,29876,17116,29594,27912,27993,28872,
85705,33805,34792,32639,34914,20595,22621,33379,32409,29884,17074,29601,27890,28015,28886,
85756,33623,34847,32581,34934,20610,22586,33269,32370,29905,17095,29601,27890,27985,28900,
85807,34036,34900,32573,35016,20625,22572,33158,32394,29941,17052,29602,27869,28031,28886,
85858,34702,34924,32588,34961,20610,22614,33131,32448,29870,17123,29573,27883,27992,28879,
85909,34572,34901,32603,34927,20603,22564,33020,32432,29926,17088,29615,27897,27954,28879,
85960,34304,34947,32624,34941,20595,22607,33014,32386,29898,17081,29608,27861,28046,28879,
86011,34724,34884,32624,34961,20632,22557,33034,32363,29934,17095,29615,27876,27992,28865,
86062,36403,34932,32624,34948,20595,22550,33055,32401,29884,17067,29630,27897,28062,28865,
86113,37459,34987,32624,34947,20595,22607,33041,32402,29933,17052,29616,27854,27985,28879,
86164,39485,35072,32552,34988,20625,22586,32979,32395,29927,17081,29609,27933,27985,28873,
86214,43027,35087,32573,34982,20610,22593,32959,32402,29906,17081,29609,27898,28069,28865,
86265,50035,35064,32602,34996,20536,22522,32883,32425,29877,17095,29609,27955,28039,28880,
86316,54192,35017,32631,34989,20536,22494,32924,32386,29870,17074,29616,27869,28000,28851,
86367,58052,35080,32617,34995,20528,22536,33082,32410,29955,17116,29595,27905,28031,28859,
86418,61921,35111,32538,34975,20551,22508,33227,32418,29920,17052,29637,27876,28038,28865,
86468,67031,35693,32530,35009,20536,22579,33386,32387,29891,17067,29638,27912,27993,28852,
86519,69943,35732,32495,35009,20550,22557,33434,32387,29913,17067,29595,27898,28016,28880,
86570,71959,35499,32494,35009,20543,22501,33400,32432,29892,17074,29616,27912,28016,28859,
86621,71670,35282,32509,34921,20521,22458,33393,32425,29885,17116,29609,27890,28001,28865,
86672,71546,35235,32538,34928,20513,22458,33386,32402,29927,17060,29651,27912,28101,28866,
86723,72616,35328,32516,34866,20498,22387,33324,32403,29927,17053,29623,27948,28000,28845,
86774,73305,35375,32523,34874,20476,22373,33317,32402,29878,17074,29602,27883,28024,28845,
86825,74342,35546,32509,34880,20491,22380,33310,32433,29899,17060,29602,27904,28039,28852,
86876,74318,35654,32509,34853,20476,22365,33338,32418,29920,17095,29658,27876,28016,28837,
86927,74957,35499,32516,34805,20476,22351,33317,32449,29934,17095,29616,27934,28078,28845,
86978,74835,35522,32487,34798,20454,22337,33338,32449,29892,17088,29623,27883,28054,28845,
87028,75676,35623,32488,34812,20483,22330,33324,32442,29913,17081,29609,27941,27978,28852,
87079,76573,35631,32473,34792,20454,22366,33331,32388,29878,17109,29602,27898,28024,28824,
87130,74778,35747,32459,34771,20483,22323,33338,32434,29887,17053,29638,27891,28062,28838,
87181,66318,35856,32472,34866,20468,22387,33372,32388,29928,17095,29623,27927,27985,28831,
87233,52111,35841,32530,34955,20521,22451,33413,32411,29900,17124,29624,27948,28039,28831,
87284,42999,35631,32537,35030,20521,22572,33531,32411,29907,17081,29652,27890,28039,28838,
87334,39341,35576,32480,35056,20536,22614,33606,32411,29935,17081,29602,27919,28024,28852,
87385,35005,35266,32510,35077,20543,22671,33813,32411,29886,17081,29609,27876,28008,28845,
87436,34266,35080,32559,35043,20580,22714,33972,32389,29893,17067,29623,27862,27978,28838,
87487,34013,34955,32560,35016,20565,22713,33999,32473,29907,17095,29666,27876,27993,28831,
87538,33101,35165,32531,35043,20632,22699,33985,32396,29935,17124,29659,27898,28024,28838,
87589,33346,35810,32790,35029,20580,22742,33896,32426,29914,17088,29609,27905,28070,28824,
87640,33324,36229,32697,34988,20595,22713,33882,32457,29899,17074,29645,27883,28124,28831,
87691,33332,36826,32625,34988,20573,22707,33896,32427,29893,17109,29667,27927,28017,28838,
87742,33353,37075,32588,34982,20595,22699,33889,32411,29865,17109,29595,27884,28001,28831,
87793,33303,36772,32574,34988,20595,22657,33813,32443,29866,17102,29588,27949,28001,28831,
87843,33281,36827,32574,34995,20595,22678,33779,32473,29886,17067,29589,27876,28032,28838,
87894,33310,36928,32602,34982,20588,22671,33676,32435,29893,17039,29623,27919,28032,28831,
87945,33310,37937,32552,34975,20603,22628,33621,32412,29929,17067,29595,27912,28016,28824,
87996,33195,42246,32401,34996,20580,22621,33600,32427,29900,17088,29610,27876,28071,28831,
88047,33166,46348,32452,35057,20580,22579,33579,32427,29879,17060,29667,27905,28016,28846,
88098,33101,50372,32653,35090,20595,22536,33544,32428,29914,17081,29602,27920,28002,28845,
88150,32999,52959,33439,35070,20565,22500,33510,32467,29957,17067,29603,27890,28025,28845,
88201,32891,55298,34363,35206,20573,22508,33482,32443,29886,17102,29673,27905,28048,28824,
88252,32876,57194,35200,35199,20528,22465,33441,32404,29894,17109,29610,27891,28063,28817,
88303,32797,58553,35661,35220,20536,22401,33441,32420,29942,17102,29652,27883,28063,28824,
88354,32876,60573,35661,35159,20513,22401,33434,32420,29893,17067,29673,27891,28001,28831,
88405,32941,61894,35048,35207,20506,22423,33448,32451,29886,17095,29603,27884,28063,28810,
88456,32934,62114,34738,35172,20491,22415,33448,32421,29956,17110,29610,27919,27986,28824,
88507,32949,62920,35322,35206,20528,22501,33455,32451,29936,17095,29624,27898,28009,28817,
88558,32825,64622,36000,35152,20528,22472,33476,32451,29929,17053,29666,27919,28078,28824,
88609,32934,65538,36253,35206,20543,22451,33469,32420,29908,17067,29624,27919,27993,28824,
88660,32875,65735,36772,35213,20543,22479,33483,32413,29901,17046,29589,27898,28047,28825,
88711,32919,58780,36260,35172,20558,22493,33469,32428,29901,17046,29624,27905,28070,28824,
88762,33080,48370,34875,35124,20603,22586,33490,32435,29936,17067,29603,27949,28009,28824,
88813,33180,41711,33801,35131,20603,22600,33531,32414,29901,17046,29589,27913,28032,28818,
88864,33237,38224,33339,35111,20588,22636,33593,32406,29915,17088,29660,27870,28101,28810,
88915,33202,34923,33893,35043,20588,22721,33876,32498,29922,17039,29624,27905,28040,28853,
88966,33165,34962,34060,35070,20640,22778,34061,32428,29866,17074,29646,27920,28017,28803,
89017,33223,35070,34614,35043,20618,22750,34068,32490,29950,17088,29596,27898,28078,28810,
89068,33194,35031,34853,35097,20588,22728,34054,32436,29886,17117,29631,27905,28009,28818,
89119,33295,35108,37443,35097,20588,22742,34103,32444,29909,17039,29617,27891,28109,28832,
89173,33310,35101,41064,35125,20618,22735,34068,32421,29888,17060,29618,27891,28047,28810,
89238,33216,34954,50237,35682,20640,22664,34123,32444,29951,17053,29625,27906,28017,28811,
89288,33245,34946,52938,35995,20633,22657,34096,32490,29951,17082,29618,27906,28040,28818,
89339,33230,34884,54526,36300,20640,22657,34082,32444,29937,17053,29617,27913,28071,28825,
89390,33280,34915,55853,36368,20670,22671,34117,32475,30027,17053,29625,27891,28001,28811,
89442,33259,35025,58684,36538,20744,22636,34117,32460,29964,17089,29603,27927,28078,28797,
89492,33260,34985,58835,36497,20767,22692,34179,32452,30007,17124,29618,27934,28132,28811,
89543,33245,35008,58258,36518,20797,22685,34165,32437,29909,17060,29646,27898,28017,28818,
89594,33223,35039,57732,36450,20826,22692,34158,32445,29950,17103,29624,27899,28040,28818,
89645,33201,34969,57145,36565,20871,22728,34151,32460,29909,17046,29617,27913,28002,28832,
89696,33179,34939,57001,36538,20856,22728,34137,32444,29924,17025,29632,27898,28047,28818,
89747,33229,34900,57253,36546,20879,22692,34096,32452,29939,17067,29618,27891,28071,28804,
89798,33223,34868,56641,36491,20923,22700,34082,32430,29888,17152,29624,27942,28040,28818,
89849,33179,34837,55189,36361,20826,22685,34076,32483,29889,17089,29639,27920,28025,28818,
89900,33171,34969,44796,35315,20655,22707,34110,32476,29880,17060,29590,27920,28055,28811,
89952,33143,35039,40560,35112,20595,22799,34179,32437,29895,17082,29604,27898,28032,28818,
90003,33230,35109,38416,35220,20536,22756,34213,32429,29895,17046,29611,27913,28017,28811,
90054,33186,35187,37595,35349,20521,22657,34014,32445,29924,17082,29603,27913,28055,28818,
90105,33238,35124,34903,35389,20476,22671,33896,32430,29980,17074,29625,27899,28017,28811,
90156,33194,35039,34196,35607,20454,22678,33896,32453,29931,17103,29625,27884,28086,28818,
90208,33251,35016,33791,35851,20469,22664,33931,32446,30021,17074,29611,27906,28087,28818,
90258,33202,34969,33589,35655,20498,22685,33924,32438,29924,17103,29625,27928,28010,28811,
90309,33215,34992,33373,37415,20491,22685,33841,32453,29945,17032,29618,27935,28010,28825,
90360,33193,34977,33272,37978,20521,22664,33786,32461,29888,17053,29660,27956,28002,28797,
90411,33244,34978,33236,37944,20595,22692,33738,32446,29896,17067,29639,27906,28048,28825,
90462,33230,34985,33193,37271,20632,22657,33731,32438,29903,17068,29589,27920,28040,28804,
90513,33202,35016,33084,35879,20588,22664,33751,32446,29903,17103,29632,27906,28086,28798,
90564,33258,34993,33135,35471,20536,22671,33745,32438,29938,17032,29660,27927,28048,28804,
90615,33223,34977,33106,35443,20506,22664,33738,32461,29938,17032,29604,27891,28018,28804,
90666,33215,34961,33149,35912,20476,22650,33724,32492,29909,17110,29590,27870,28017,28804,
90717,33201,34993,33099,37455,20521,22650,33669,32439,29945,17025,29639,27913,28040,28818,
90768,33244,34961,32962,44686,20826,22671,33731,32446,29938,17046,29632,27906,28040,28818,
90819,33266,35000,32940,49221,20916,22635,33752,32453,30001,17082,29625,27920,28041,28811,
90870,33223,34993,33084,53565,20826,22622,33758,32438,29903,17046,29618,27913,28033,28825,
90921,33244,34984,33128,56802,20737,22600,33786,32446,29938,17054,29639,27949,28033,28790,
90972,33273,34969,33165,64147,20759,22628,33828,32461,29967,17046,29611,27927,28017,28811,
91023,33223,34977,33121,65733,20812,22586,33869,32461,29924,17039,29625,27913,28025,28819,
91074,33230,35008,33164,66848,20811,22571,33897,32454,29924,17096,29604,27899,28094,28804,
91124,33209,34938,33185,67788,20849,22586,33938,32454,29891,17061,29597,27942,28072,28819,
91175,33215,35008,33172,68066,20938,22607,33814,32470,29917,17032,29661,27920,28064,28804,
91226,33259,34961,33143,67039,20998,22572,33869,32447,29890,17096,29618,27898,28025,28811,
91277,33222,34970,33164,66869,20923,22564,33821,32471,29981,17046,29654,27899,28064,28826,
91328,33229,34969,33143,64317,20745,22593,33786,32439,29924,17053,29632,27906,28040,28819,
91379,33237,34962,33171,63387,20632,22579,33656,32447,29911,17082,29611,27906,28010,28811,
91430,33201,34984,33186,63079,20633,22565,33669,32501,30002,17075,29618,27913,28025,28819,
91481,33251,35023,33200,65263,20729,22543,33759,32485,29954,17032,29618,27928,28064,28819,
91532,33215,35001,33236,65753,20752,22508,33724,32447,29939,17110,29647,27928,28041,28819,
91583,33259,34961,33215,67759,20849,22515,33724,32455,29889,17039,29626,27957,28010,28804,
91634,33215,35000,33222,69392,20916,22515,33724,32462,29939,17039,29604,27921,28110,28805,
91685,33208,34953,33207,71644,21043,22515,33731,32501,29931,17082,29661,27906,28026,28805,
91736,33236,34984,33222,71004,20976,22536,33704,32463,29981,17089,29632,27928,28048,28798,
91787,33194,34992,33279,63287,20722,22508,33642,32455,29918,17054,29618,27928,28065,28812,
91838,33244,34938,32969,38135,20685,22636,33655,32462,29890,17096,29647,27920,28034,28798,
91889,33201,34907,33027,37128,20618,22671,33772,32463,29911,17047,29612,27921,28056,28819,
91940,33202,34906,33070,37115,20550,22678,33842,32463,29890,17047,29619,27906,28057,28791,
91991,33244,34892,33063,36225,20878,22643,33856,32447,29911,17047,29633,27906,28072,28805,
92043,33214,34922,32767,35279,21423,22650,33759,32486,29953,17068,29632,27920,28049,28798,
92093,33251,34930,32752,35143,20990,22792,33765,32501,29919,17054,29632,27906,28110,28819,
92144,33237,34954,32731,35137,20998,22834,33745,32448,29926,17075,29633,27928,28056,28812,
92196,33259,34945,32781,35103,21415,22756,33766,32471,29891,17082,29675,27884,28064,28805,
92246,33236,34946,32745,35123,23346,22714,33752,32478,29903,17075,29605,27921,28034,28812,
92297,33236,34961,32788,35395,29260,22650,33621,32495,29898,17054,29647,27913,28087,28826,
92348,33266,34984,32788,35497,34272,22621,33498,32471,29947,17040,29618,27913,28049,28812,
92400,33208,34946,32752,35654,41889,22721,33470,32448,29968,17011,29604,27935,28026,28805,
92450,33237,35000,32824,35728,48194,22742,33497,32456,29933,17075,29612,27914,28049,28805,
92502,33308,34984,32825,35782,56995,22948,33546,32448,29940,17075,29626,27891,28041,28819,
92553,33237,34969,32802,35762,58368,22997,33552,32455,29933,17096,29633,27921,28079,28812,
92603,33207,34961,32795,35728,59817,23097,33580,32487,29904,17054,29626,27957,28072,28819,
92654,33339,34992,32810,35728,60720,23126,33587,32494,29898,17018,29640,27928,28056,28798,
92705,33237,34976,32817,35708,59967,23133,33601,32495,29947,17075,29640,27914,28034,28819,
92756,33237,34977,32803,35647,60585,23268,33614,32464,29911,17047,29640,27921,28034,28798,
92807,33215,34977,32803,35634,61055,23218,33635,32472,29947,17026,29669,27950,28033,28819,
92858,33259,34961,32868,35593,64146,23389,33621,32479,29912,17026,29619,27928,28057,28812,
92909,33208,34931,32788,35675,64303,23289,33628,32479,29919,17075,29612,27920,28110,28805,
92960,33238,34984,32788,35776,60580,23182,33635,32471,29941,17033,29612,27942,28087,28805,
93010,33208,35016,32738,36210,47026,22770,33697,32456,30004,17096,29640,27929,28118,28805,
93061,33281,34946,32716,35953,35743,22848,33745,32525,29890,17033,29618,27928,28072,28819,
93112,33316,34953,32716,35552,27829,22842,33752,32456,29954,17032,29619,27928,28064,28798,
93163,33273,34969,32745,35253,23659,22785,33745,32472,29912,17040,29633,27921,28041,28806,
93214,33215,34899,32665,35008,20692,22721,33711,32472,29906,17082,29633,27921,28041,28799,
93265,33266,34907,32636,35008,20789,22955,33704,32557,29912,17089,29633,27906,28057,28812,
93315,33229,34930,32622,35022,20334,23119,33718,32503,29906,17054,29612,27942,28042,28819,
93366,33223,34907,32644,35008,20267,23090,33732,32449,29912,17118,29633,27914,28049,28820,
93418,33238,34884,32680,34947,20177,23211,33746,32479,29920,17040,29647,27928,28057,28799,
93468,33209,34899,32616,34973,20349,23985,33828,32479,29941,17097,29647,27928,28041,28806,
93519,33280,34930,32579,34940,20341,24376,33835,32480,29962,17075,29655,27943,28073,28798,
93571,33223,34953,32651,34906,20416,24348,34070,32465,29927,17033,29626,27928,28057,28813,
93621,33259,34907,32636,34933,20408,24973,34159,32464,29905,17104,29619,27935,28042,28820,
93673,33237,34938,32651,35008,20364,35652,34622,32472,29905,17075,29648,27914,28057,28827,
93724,33252,34946,32694,34987,20468,42683,34373,32495,29941,17033,29662,27964,28065,28813,
93774,33208,34976,32687,34994,20543,49814,34394,32511,30018,17012,29683,27964,28050,28806,
93825,33201,34969,32738,35028,20632,56874,34663,32495,29920,17019,29619,27928,28065,28813,
93876,33214,34938,32731,34987,20610,62643,34966,32488,29935,17040,29648,27965,28065,28799,
93927,33280,34977,32709,34981,20505,70627,35655,32480,29921,17068,29606,27928,28050,28813,
93977,33222,34937,32709,35028,20453,73416,35876,32496,29941,17040,29662,27914,28042,28813,
94028,33230,34969,32723,35008,20476,75915,35931,32465,29962,17061,29655,27929,28088,28820,
94079,33237,34984,32751,35001,20461,77516,36062,32489,29934,17040,29612,28022,28049,28806,
94131,33251,34945,32723,35028,20625,77572,35800,32474,29970,17033,29634,27936,28049,28799,
94182,33252,34938,32716,35028,20617,78832,35896,32495,29892,17075,29655,27921,28065,28813,
94233,33201,35023,32774,34980,20729,77153,35690,32480,29955,17026,29654,27943,28050,28813,
94284,33223,34969,32701,34981,20759,75402,35649,32519,29942,17068,29620,27965,28104,28806,
94335,33287,34938,32745,35008,20729,74364,35724,32504,29935,17097,29634,27921,28050,28792,
94386,33221,34930,32701,34967,20751,73250,35655,32473,29906,17040,29627,27950,28065,28792,
94437,33259,34938,32702,35007,20685,74559,35745,32496,29942,17068,29641,27957,28065,28827,
94488,33237,34953,32731,35001,20744,74069,35711,32497,29892,17076,29619,27907,28058,28813,
94539,33228,34937,32709,34981,20744,75058,35711,32482,29920,17061,29606,27936,28050,28806,
94590,33214,34923,32731,34974,20587,81016,35966,32489,29934,17082,29641,27921,28080,28820,
94642,33236,34930,32716,34980,20587,82626,36041,32519,29997,17054,29627,27929,28065,28806,
94693,33259,34938,32745,35001,20595,84761,36069,32489,29955,17068,29620,27936,28065,28799,
94743,33265,34961,32723,35014,20625,85190,36104,32511,29906,17040,29634,27921,28073,28820,
94794,33258,34992,32723,35029,20536,83950,36207,32481,29913,17026,29627,27943,28050,28813,
94845,33280,35015,32731,34967,20983,50946,35042,32489,29955,17054,29662,27929,28173,28814,
94896,33223,34976,32745,35001,21505,34781,34394,32504,29921,17097,29620,27929,28058,28800,
94948,33208,35000,32702,34933,21438,28028,34208,32481,29914,17054,29634,27972,28096,28813,
94999,33223,34946,32672,34960,21065,24951,34180,32496,29928,17026,29648,27943,28073,28814,
95050,33265,34891,32673,34920,20572,23168,34160,32497,29892,17019,29641,27929,28096,28807,
95100,33273,34930,32623,34899,20528,23182,34256,32505,29977,17054,29677,27922,28073,28828,
95151,33244,34961,32608,34940,20475,22748,34518,32481,29900,17040,29676,27943,28111,28828,
95230,33280,34915,32644,34885,20446,22635,35387,32497,29907,17019,29655,27958,28165,28821,
95291,33222,34900,32630,34920,20423,22557,35841,32497,29976,17047,29683,27936,28058,28807,
95342,33251,34976,32637,34919,20416,22536,36297,32482,29921,17111,29648,28008,28080,28807,
95393,33229,34914,32623,34933,20446,22493,38185,32536,29942,17047,29663,27965,28051,28814,
95444,33273,34875,32636,34899,20438,22472,45562,32497,29943,17090,29648,27936,28073,28813,
95495,33251,34876,32644,34960,20423,22358,56156,32490,29935,17061,29620,27936,28066,28807,
95547,33324,34930,32637,34974,20438,22031,79702,32489,29922,17033,29655,27943,28066,28806,
95598,33244,34914,32615,34879,20431,21861,87625,32512,29928,17040,29669,27943,28088,28799,
95648,33258,34899,32622,34913,20423,21797,89865,32559,29977,17047,29655,27914,28073,28807,
95699,33215,34892,32622,34940,20394,21719,93359,32505,29928,17033,29648,27944,28073,28828,
95750,33229,34930,32666,34906,20386,21669,95998,32491,29935,17047,29649,27943,28096,28814,
95801,33215,34907,32666,34940,20401,21548,100116,32528,29922,17069,29634,27936,28104,28821,
95853,33316,34915,32630,34912,20386,21484,101007,32482,29929,17026,29635,27929,28081,28793,
95904,33251,34938,32636,34912,20386,21484,98911,32497,29971,17069,29627,27972,28066,28807,
95955,33258,34883,32637,34899,20423,21477,95337,32514,29921,17097,29691,27936,28096,28807,
96006,33258,34907,32637,34899,20393,21520,91249,32497,30006,17047,29627,27965,28112,28807,
96057,33228,34876,32652,34946,20393,21548,91799,32490,29921,17062,29684,27950,28081,28814,
96107,33252,34883,32658,34967,20401,21555,91258,32505,29971,17090,29634,27958,28089,28821,
96158,33251,34914,32687,34906,20386,21548,92032,32505,29978,17076,29663,27936,28073,28807,
96209,33265,34899,32629,34912,20386,21612,87716,32475,29972,17047,29621,27944,28081,28835,
96260,33222,34899,32644,34913,20401,21655,83386,32498,29965,17062,29627,27936,28097,28793,
96310,33230,34915,32629,34913,20393,21726,80798,32499,29929,17033,29635,27965,28081,28821,
96361,33194,34868,32651,34899,20386,21797,75771,32490,29957,17005,29627,27972,28135,28821,
96413,33259,34945,32687,34954,20393,21904,66916,32505,30014,17012,29649,27958,28066,28821,
96464,33266,34930,32681,34892,20393,22010,62644,32475,30007,17040,29627,27951,28097,28821,
96515,33337,34876,32651,34933,20416,22138,55517,32490,29978,17026,29642,27943,28074,28821,
96566,33223,34914,32651,34899,20386,22294,45323,32499,29915,17061,29663,27929,28089,28814,
96617,33287,34883,32629,34967,20394,22408,39847,32491,29985,17033,29649,27958,28058,28800,
96667,33237,34899,32608,34933,20408,22422,37688,32514,29936,17026,29641,27958,28081,28828,
96718,33244,34930,32608,34913,20401,22380,36943,32507,29908,17033,29649,27965,28097,28814,
96769,33229,34907,32636,34892,20393,22358,36302,32506,29958,17069,29649,27943,28089,28814,
96820,33251,34953,32644,34885,20393,22294,36006,32491,29930,17026,29642,27929,28089,28807,
96871,33302,34875,32651,34919,20378,22195,35544,32514,29923,17076,29621,27972,28166,28821,
96922,33231,34906,32615,34926,20379,22202,35854,32560,29944,17048,29627,27944,28143,28807,
96973,33273,34876,32615,34899,20423,22166,37405,32506,29944,17076,29678,27965,28066,28814,
97024,33308,34923,32680,34933,20364,22067,40770,32491,30028,17040,29628,27936,28089,28800,
97075,33251,34914,32629,34933,20401,21918,48970,32584,29915,17033,29628,27936,28105,28828,
97126,33230,34907,32622,34886,20371,21982,51226,32492,29979,17055,29628,27929,28135,28835,
97177,33317,34945,32680,34906,20379,22010,53081,32522,29971,17083,29656,27943,28097,28801,
97227,33259,34899,32644,34926,20401,21989,53971,32523,29943,17033,29656,27936,28097,28794,
97278,33303,34899,32638,34919,20371,21968,54227,32560,30035,17062,29642,27951,28105,28808,
97329,33245,34907,32636,34905,20393,21960,54337,32507,29945,17090,29649,27944,28112,28814,
97380,33318,34876,32630,34892,20386,21982,53930,32507,29938,17033,29627,27973,28097,28821,
97431,33288,34946,32629,34885,20393,22017,53972,32492,29945,17090,29621,27965,28113,28829,
97482,33259,34891,32615,34886,20379,21982,54241,32539,29930,17062,29628,27944,28189,28815,
97532,33287,34969,32659,34893,20394,22003,54385,32515,29944,17033,29685,27944,28113,28808,
97584,33302,34907,32615,34926,20386,22017,54324,32539,29952,17069,29621,27944,28120,28829,
97635,33273,34907,32673,34905,20386,22031,54531,32499,29923,17041,29649,27951,28128,28822,
97686,33215,34930,32615,34933,20371,22024,54661,32515,29930,17062,29642,27994,28144,28822,
97737,33309,34930,32629,34947,20379,22017,54814,32499,29902,17019,29657,27958,28097,28822,
97788,33244,34931,32615,34899,20379,21968,55365,32546,29917,17027,29635,27965,28082,28822,
97839,33266,34892,32623,34899,20378,21939,55841,32546,29937,17041,29642,27951,28090,28815,
97890,33265,34868,32666,34899,20386,21882,56828,32524,29973,17069,29657,27944,28082,28814,
97941,33236,34922,32651,34913,20401,21811,57283,32577,30036,17055,29642,27958,28144,28822,
97992,33244,34891,32665,34933,20371,21868,57842,32500,29938,17041,29642,27915,28159,28822,
98043,33230,34853,32637,34940,20401,21754,57973,32500,29909,17041,29664,27937,28075,28822,
98094,33265,34867,32637,34885,20371,21797,58216,32508,29945,17111,29636,27965,28151,28815,
98145,33273,34899,32666,34967,20386,21797,58270,32524,29938,17019,29629,27980,28097,28808,
98197,33280,34899,32637,34913,20401,21747,58559,32508,29902,17076,29636,27958,28090,28822,
98248,33244,34907,32630,34899,20379,21754,58988,32485,29965,17012,29649,27973,28083,28808,
98299,33266,34899,32658,34926,20393,21747,59195,32577,29952,17048,29664,27951,28097,28808,
98350,33309,34860,32623,34919,20379,21811,58989,32515,29903,17055,29628,27937,28082,28822,
98400,33244,34899,32665,34906,20371,21776,58988,32531,29937,17019,29650,27980,28090,28815,
98451,33244,34914,32629,34946,20378,21783,58829,32539,29923,17033,29663,27951,28105,28822,
98501,33265,34938,32665,34947,20379,21776,59106,32531,29931,17012,29699,27973,28105,28815,
98553,33287,34883,32673,34898,20386,21790,59001,32501,29945,17076,29649,27922,28113,28815,
98604,33309,34914,32644,34899,20386,21769,58809,32562,30015,17026,29629,27951,28136,28822,
98655,33244,34868,32644,34933,20401,21882,56203,32531,29903,17069,29664,27966,28098,28815,
98706,33273,34915,32665,34940,20393,22038,49022,32524,29938,17041,29650,27973,28144,28815,
98757,33259,34938,32622,34878,20393,22181,41531,32524,29938,17020,29692,28002,28105,28822,
98808,33323,34891,32636,34906,20393,22237,38248,32501,29946,16998,29628,27958,28106,28822,
98858,33281,34907,32637,34906,20401,22245,36724,32555,29938,17019,29615,27966,28129,28822,
98910,33251,34868,32622,34973,20393,22216,36124,32532,29911,17062,29657,27965,28113,28809,
98960,33281,34899,32673,34912,20393,22166,35835,32539,30030,17062,29635,27966,28114,28815,
99011,33296,34899,32623,34926,20393,22138,35538,32539,29924,17006,29628,27966,28121,28815,
99063,33222,34946,32630,34946,20416,22145,35201,32617,29953,17041,29614,27988,28113,28815,
99114,33288,34899,32623,34912,20401,22088,35277,32594,29953,17027,29649,27966,28106,28829,
99165,33273,34907,32629,34906,20378,22110,35346,32509,30002,17020,29636,27959,28105,28816,
99216,33280,34914,32666,34899,20393,22102,35290,32517,29919,17019,29643,27980,28106,28836,
99267,33229,34892,32681,34953,20386,22081,34643,32532,29946,17041,29643,27951,28113,28816,
99318,33229,34916,32680,34960,20371,22131,34450,32509,29932,17027,29650,27952,28098,28823,
99369,33281,34883,32680,34906,20401,22180,34388,32540,29924,17062,29699,27937,28136,28830,
99420,33266,34883,32622,34899,20416,22159,34650,32555,29925,17005,29629,27988,28114,28830,
99471,33302,34914,32651,34933,20371,22230,36050,32539,29967,17027,29628,27966,28167,28830,
99522,33266,34907,32615,34913,20386,22195,36181,32502,29946,17048,29629,27937,28121,28816,
99574,33265,34922,32623,34899,20408,22195,36519,32532,29939,17034,29643,27987,28098,28816,
99625,33237,34914,32623,34906,20408,22202,36408,32524,29995,17069,29658,27952,28113,28823,
99675,33251,34953,32622,34940,20378,22195,35540,32532,29946,17027,29636,27966,28113,28809,
99726,33251,34945,32665,34892,20386,22230,35388,32563,29973,17084,29636,27952,28105,28823,
99777,33244,34946,32637,34926,20378,22230,36760,32532,29960,17027,29629,28002,28107,28837,
99828,33258,34899,32680,34974,20378,22181,38180,32563,29953,17055,29664,27944,28175,28809,
99879,33229,34945,32615,34939,20386,22174,39057,32525,29931,17020,29643,27951,28114,28809,
99930,33273,34907,32672,34892,20379,22159,39325,32518,29932,17048,29650,27959,28159,28830,
99982,33237,34860,32629,34953,20386,22138,39001,32517,29924,17076,29650,27973,28106,28823,
100033,33288,34868,32615,34906,20401,22174,38071,32509,30010,17098,29614,27938,28144,28816,
100084,33245,34930,32672,34892,20401,22131,37057,32509,29996,16999,29685,27959,28121,28823,
100135,33259,34915,32622,34919,20386,22145,36312,32587,29967,17006,29629,27951,28129,28823,
100187,33317,34891,32637,34899,20393,22159,35650,32525,30023,17084,29650,27944,28160,28830,
100238,33288,34899,32659,34926,20386,22117,35575,32588,29947,17083,29658,27988,28113,28823,
100289,33288,34899,32623,34899,20386,22124,35727,32525,29932,17048,29650,27966,28152,28830,
100340,33339,34914,32601,34947,20379,22117,35823,32571,29996,16999,29685,27952,28244,28830,
100391,33295,34883,32636,34898,20408,22166,35623,32549,29954,17020,29657,27952,28106,28830,
100441,33237,34906,32665,34899,20386,22188,35417,32525,29968,17069,29636,27944,28213,28823,
100493,33294,34876,32622,34912,20386,22131,35127,32556,29933,17020,29629,27959,28152,28823,
100544,33221,34868,32680,34892,20393,22088,34879,32518,29946,17020,29622,27980,28175,28830,
100595,33251,34891,32608,34953,20393,22053,34507,32511,29953,17063,29636,27952,28144,28823,
100646,33273,34938,32637,34926,20416,22131,34093,32549,29967,17041,29643,28031,28175,28837,
100697,33244,34930,32630,34920,20393,22110,34059,32571,30060,17034,29643,27981,28199,28809,
100748,33237,34892,32615,34926,20408,22131,34466,32564,29919,17020,29700,28010,28176,28824,
100799,33244,34884,32637,34947,20408,22145,34928,32540,29961,17062,29636,27988,28129,28844,
100850,33302,34969,32615,34892,20378,22152,34825,32549,29955,17027,29700,27952,28114,28823,
100901,33302,34922,32607,34899,20393,22131,34638,32518,29982,17077,29700,27959,28145,28830,
100952,33280,34922,32622,34974,20386,22117,34142,32518,29919,17027,29643,27966,28145,28830,
101002,33251,34907,32601,34987,20386,22152,34562,32549,29939,17041,29679,27974,28107,28831,
101053,33302,34884,32687,34967,20386,22053,37134,32564,29912,17070,29678,27945,28138,28831,
101105,33260,34938,32636,34926,20401,22039,37031,32534,29968,17084,29643,27988,28114,28824,
101156,33252,34945,32644,34919,20386,21946,36521,32519,29918,17006,29657,27959,28114,28816,
101207,33281,34868,32688,34912,20379,22017,36590,32534,29927,17048,29630,27966,28168,28830,
101258,33259,34938,32630,34981,20363,21776,40197,32580,29961,17105,29665,28045,28122,28838,
101309,33259,34930,32644,34987,20371,21541,43217,32526,29947,17098,29665,27952,28130,28802,
101360,33360,34884,32659,34947,20393,21349,45976,32542,29947,17084,29643,27966,28199,28809,
101411,33295,34861,32637,34926,20393,21257,48729,32534,29927,17027,29643,27960,28129,28838,
101461,33280,34907,32637,34913,20401,21364,53234,32542,29933,17048,29672,27966,28114,28810,
101512,33280,34915,32629,34885,20393,21413,55201,32557,29940,17020,29636,27995,28099,28817,
101591,33237,34930,32651,34906,20408,21435,58079,32535,29927,17048,29665,27967,28137,28824,
101652,33273,34899,32659,34919,20379,21420,59045,32551,29947,17006,29658,27981,28153,28838,
101703,33259,34931,32636,34974,20364,21428,59810,32550,29906,17034,29672,27981,28130,28817,
101755,33244,34891,32644,34926,20408,21435,59729,32542,29933,17013,29686,27974,28191,28831,
101806,33288,34907,32630,34967,20408,21406,58955,32588,29920,17055,29637,27959,28137,28831,
101857,33266,34868,32623,34906,20356,21435,58265,32527,30004,17013,29665,27967,28130,28817,
101908,33288,34915,32650,34913,20356,21385,58921,32535,29968,17055,29644,27945,28130,28817,
101960,33317,34892,32651,34933,20378,21492,58603,32527,29969,17013,29693,27945,28137,28824,
102011,33252,34915,32615,34967,20356,21421,58396,32527,29926,17020,29651,27988,28115,28831,
102061,33273,34930,32638,34920,20371,21413,57865,32542,29913,17013,29644,27974,28176,28817,
102113,33288,34868,32666,34933,20356,21456,57189,32535,29941,17013,29651,27974,28145,28824,
102164,33237,34899,32616,34940,20379,21406,56574,32550,29913,17063,29643,27995,28114,28824,
102215,33266,34915,32680,34940,20364,21385,56651,32512,29962,17013,29636,27974,28115,28831,
102266,33295,34907,32666,34953,20401,21442,56885,32604,29948,17048,29651,27966,28184,28824,
102317,33252,34869,32673,34906,20371,21420,57153,32573,29920,17013,29644,27974,28130,28824,
102368,33288,34891,32637,34960,20371,21392,56885,32581,29941,17055,29637,27966,28146,28817,
102419,33259,34907,32623,34926,20379,21449,58527,32535,29934,17006,29679,27981,28130,28838,
102470,33287,34953,32644,34954,20356,21492,58424,32550,29921,17034,29686,27988,28122,28824,
102520,33295,34891,32695,34906,20371,21449,58044,32551,29941,16999,29658,27967,28115,28824,
102571,33288,34954,32622,34960,20371,21484,57934,32550,29934,17013,29637,27967,28108,28824,
102622,33288,34891,32672,34912,20386,21520,58356,32543,29927,17006,29651,27981,28146,28831,
102673,33295,34900,32644,34899,20401,21435,58210,32558,29997,17063,29665,27981,28138,28817,
102724,33281,34915,32688,34960,20371,21478,58059,32536,29948,17056,29665,27974,28115,28838,
102775,33288,34939,32666,34974,20371,21492,57879,32589,30004,17020,29644,27967,28146,28831,
102826,33260,34938,32637,34940,20393,21449,57983,32543,29928,16999,29637,27988,28200,28839,
102877,33303,34915,32644,34974,20416,21485,57748,32552,29971,17020,29665,28003,28107,28838,
102927,33361,34915,32651,35008,20386,21492,57569,32536,30005,17006,29644,28003,28130,28838,
102978,33274,34930,32651,34960,20378,21470,57390,32574,29948,17034,29637,27974,28161,28825,
103029,33288,34876,32630,34953,20401,21456,57501,32605,29949,17013,29651,27981,28184,28831,
103080,33280,34930,32644,34947,20371,21491,57424,32551,29977,17034,29616,27967,28123,28838,
103131,33295,34922,32622,34995,20364,21492,57369,32551,29970,17049,29637,27981,28192,28825,
103182,33251,34907,32673,34906,20378,21478,57659,32551,29970,17042,29658,27996,28153,28825,
103234,33275,34923,32630,34940,20371,21485,58031,32536,29963,17020,29679,27952,28131,28831,
103284,33332,34914,32644,34926,20386,21456,58087,32528,29941,17056,29630,27959,28184,28825,
103336,33331,34876,32673,34987,20378,21513,58196,32536,29956,17077,29658,27974,28177,28832,
103386,33310,34915,32638,34905,20371,21485,57955,32543,29991,17027,29665,27996,28138,28846,
103437,33259,34907,32665,34926,20371,21513,57763,32551,29970,17063,29637,27981,28139,28825,
103489,33302,34853,32666,34953,20394,21499,57596,32536,29921,17049,29644,27988,28154,28832,
103540,33251,34962,32659,34926,20378,21499,57618,32551,29977,16992,29652,27981,28207,28832,
103591,33274,34907,32637,34919,20379,21520,57555,32574,29984,17006,29651,28003,28215,28818,
103642,33259,34915,32644,34926,20371,21513,57528,32551,29934,17013,29687,28025,28146,28818,
103693,33266,34922,32680,34947,20386,21513,57673,32552,29927,17027,29652,27967,28192,28853,
103744,33281,34914,32630,34933,20386,21520,57853,32590,29928,17041,29701,27974,28131,28846,
103794,33273,34977,32673,34947,20371,21548,57922,32567,29970,17013,29715,27989,28131,28825,
103845,33288,34915,32659,34926,20393,21548,57661,32536,29935,17013,29665,27960,28169,28818,
103896,33302,34915,32680,34940,20393,21541,57742,32544,29984,17027,29666,28060,28131,28825,
103947,33295,34923,32644,34939,20401,21541,57722,32536,29941,16999,29644,27996,28192,28832,
103998,33266,34922,32644,34913,20386,21556,57515,32582,29950,17084,29637,27989,28146,28839,
104049,33259,34907,32637,34980,20371,21570,57246,32537,29942,17028,29651,27974,28138,28832,
104100,33245,34899,32644,34960,20393,21563,57004,32567,29956,17020,29651,27981,28116,28845,
104151,33317,34907,32659,35000,20386,21548,56784,32560,29920,17013,29637,27974,28154,28839,
104202,33273,34915,32644,34919,20386,21527,56397,32552,29956,17020,29679,27974,28131,28846,
104253,33252,34868,32673,34987,20378,21570,55397,32583,29942,17020,29680,27996,28139,28867,
104304,33266,34977,32695,34940,20378,21584,54114,32599,29970,17006,29673,27967,28146,28832,
104355,33317,34892,32658,34927,20371,21598,52224,32560,29949,17013,29652,27967,28239,28818,
104406,33332,34946,32629,34953,20386,21719,49277,32559,29936,17013,29659,27982,28131,28832,
104458,33266,34923,32637,34913,20379,21875,45731,32545,29942,17042,29659,27952,28139,28846,
104509,33281,34892,32674,34946,20401,22230,40240,32568,29921,17049,29680,27960,28162,28839,
104559,33251,34946,32638,34967,20416,22209,36888,32591,29936,16999,29694,27967,28154,28832,
104610,33310,34969,32630,34919,20408,22181,36157,32568,29928,17056,29659,27974,28139,28832,
104661,33318,34915,32615,34926,20423,22152,35811,32552,29944,16978,29644,27974,28177,28839,
104712,33259,34930,32644,34899,20408,22160,35515,32544,29970,17013,29673,27974,28131,28846,
104763,33274,34915,32673,34939,20393,22216,35751,32567,29978,17070,29666,27996,28154,28839,
104813,33281,34992,32659,34906,20386,22209,36165,32552,29935,17056,29708,27960,28131,28840,
104864,33295,34915,32651,34933,20408,22195,36461,32552,29957,17028,29652,28011,28154,28832,
104915,33258,34877,32630,34913,20401,22138,36385,32621,29935,17056,29652,27967,28131,28846,
104966,33260,34876,32637,34933,20386,22117,35669,32553,29956,17006,29638,27975,28170,28832,
105017,33273,34869,32630,34920,20408,22131,34999,32545,29936,17013,29695,27981,28170,28847,
105068,33274,34931,32674,34906,20393,22131,34820,32568,29956,17056,29688,27960,28208,28839,
105119,33296,34884,32637,34905,20393,22181,36157,32577,30014,17013,29688,27989,28208,28832,
105170,33252,34907,32645,34906,20408,22181,38255,32592,29922,17021,29638,28018,28163,28846,
105222,33332,34915,32659,34946,20416,22231,37759,32568,29957,17056,29652,27953,28139,28839,
105273,33310,34899,32644,34912,20401,22202,37372,32591,30021,17028,29666,28047,28131,28853,
105324,33303,34900,32616,34946,20394,22216,36648,32584,29957,16999,29645,27982,28170,28832,
105375,33267,34908,32681,34926,20408,22216,35993,32584,30041,16999,29652,27996,28147,28840,
105426,33252,34908,32630,34906,20386,22110,34772,32568,29978,17013,29638,27967,28162,28825,
105477,33266,34916,32637,34913,20394,22067,34552,32560,29929,17056,29652,27981,28131,28840,
105527,33296,34877,32666,34913,20408,22145,34779,32568,29944,17056,29673,27996,28232,28839,
105579,33237,34907,32651,34974,20401,22167,35552,32561,29943,17014,29694,27996,28209,28847,
105630,33303,34876,32637,34926,20394,22330,37669,32553,29985,17042,29652,27975,28232,28840,
105681,33354,34907,32666,34953,20393,22359,38338,32576,30000,17028,29688,27982,28155,28839,
105732,33309,34938,32680,34967,20408,22252,39207,32576,29979,16992,29695,28047,28178,28840,
105783,33282,34923,32652,34946,20431,22202,39242,32592,29971,16999,29646,27975,28239,28840,
105834,33273,34892,32637,34899,20408,22195,39518,32615,29944,16999,29695,27996,28140,28840,
105885,33260,34977,32652,34913,20401,22153,39738,32568,29964,17035,29708,27982,28193,28826,
105936,33332,34923,32616,34926,20393,22160,39918,32599,29958,16992,29624,27996,28139,28868,
105987,33281,34899,32623,34940,20393,22160,40208,32584,29979,17049,29688,27975,28170,28833,
106038,33310,34908,32638,34920,20423,22166,40360,32569,30014,17007,29687,27960,28140,28847,
106089,33295,34923,32630,34940,20416,22167,40263,32545,29964,17070,29652,28054,28163,28847,
106140,33274,34915,32644,34960,20408,22145,40111,32577,29957,17042,29666,27968,28209,28840,
106192,33295,34930,32666,34933,20416,22181,39994,32584,29936,17021,29638,28004,28201,28840,
106243,33258,34915,32645,34953,20408,22160,39773,32592,29930,16978,29716,28004,28163,28833,
106294,33318,34947,32623,34954,20408,22138,40069,32585,29966,17014,29673,27975,28186,28840,
106344,33281,34892,32652,34933,20386,22181,40345,32569,30006,16999,29646,27982,28170,28826,
106395,33259,34892,32631,34920,20416,22195,40925,32569,29922,16999,29653,27989,28148,28840,
106447,33310,34907,32645,34987,20393,22224,41836,32577,29986,17042,29652,27996,28232,28840,
106497,33297,34923,32666,34994,20408,22287,43629,32623,29950,17028,29638,28054,28155,28847,
106549,33318,34970,32710,34933,20401,22664,47279,32585,29944,17056,29660,28011,28179,28840,
106599,33267,34939,32681,34940,20386,22977,49874,32569,29972,16978,29659,27989,28293,28840,
106650,33303,34923,32695,34974,20393,23353,53191,32578,29944,17035,29667,27990,28163,28847,
106701,33304,35000,32666,34974,20408,23595,57746,32562,29958,17056,29681,27975,28155,28847,
106752,33311,34947,32760,34974,20423,23239,62441,32577,29965,17028,29652,28003,28240,28826,
106803,33420,34892,32659,34933,20416,23133,64608,32555,29944,17028,29737,27997,28147,28826,
106854,33289,34876,32652,34933,20431,23204,66313,32584,29958,16985,29695,28004,28155,28840,
106905,33296,34923,32702,34954,20408,22955,65112,32592,29952,17063,29660,27996,28163,28847,
106956,33311,34892,32709,34968,20416,22963,66417,32562,29958,17042,29667,27997,28179,28840,
107008,33289,34962,32717,34953,20423,23048,68316,32640,29979,17028,29646,27997,28171,28840,
107059,33289,34907,32703,34940,20401,23026,68475,32585,29937,17084,29639,28004,28232,28847,
107110,33260,34915,32681,34926,20416,22934,69517,32570,29944,17042,29674,27982,28171,28854,
107161,33275,34892,32680,34953,20416,22984,68951,32616,29952,17000,29666,27968,28155,28840,
107212,33317,34962,32666,34974,20423,23019,69378,32585,29965,16999,29681,28018,28163,28855,
107262,33281,34923,32710,34947,20416,23090,69512,32631,29923,17042,29702,27968,28140,28833,
107313,33289,34892,32681,35008,20408,23076,68857,32569,29981,17007,29674,28004,28186,28847,
107364,33296,34930,32688,34988,20431,23090,68675,32601,29966,16992,29674,27989,28148,28862,
107415,33303,34931,32688,34947,20416,23012,67861,32555,29987,17063,29667,28004,28164,28847,
107466,33309,34978,32710,35008,20423,23048,67530,32632,30036,17049,29689,28025,28279,28840,
107517,33267,34947,32695,34947,20416,23026,67460,32585,29930,16985,29653,27975,28232,28854,
107568,33281,34899,32667,34981,20423,23005,67620,32623,29986,17028,29681,27982,28171,28833,
107619,33318,34947,32666,35008,20446,22963,67516,32570,29980,17007,29653,27990,28194,28848,
107669,33304,34954,32666,34954,20416,22934,67694,32578,29979,17035,29702,28033,28179,28841,
107720,33332,34939,32652,34954,20416,22898,67716,32585,29930,17021,29660,27968,28156,28847,
107773,33332,34923,32702,35008,20438,22870,67468,32609,29965,17007,29653,28018,28186,28840,
107835,33266,34915,32709,34920,20423,22828,67516,32578,29972,16986,29666,27990,28148,28834,
107886,33282,34915,32703,34947,20423,22835,67882,32640,29960,17049,29681,27982,28186,28855,
107937,33303,34900,32666,34940,20416,22771,68718,32578,29952,17042,29660,27990,28217,28855,
107988,33296,34931,32695,34934,20408,22728,70635,32578,29945,17042,29702,28011,28140,28848,
108040,33318,34970,32652,34947,20423,22785,71576,32586,29938,17056,29753,27982,28194,28841,
108090,33310,34954,32645,34953,20423,22735,71612,32617,29953,17049,29674,28012,28156,28855,
108142,33274,34954,32659,34920,20431,22700,71625,32570,29939,17007,29646,28011,28194,28847,
108192,33310,34993,32703,34933,20438,22700,71666,32586,29974,17064,29689,27990,28194,28848,
108243,33268,34931,32659,34940,20408,22664,71427,32601,30008,17042,29653,27976,28179,28869,
108294,33296,34946,32702,35001,20438,22657,71583,32571,29924,17021,29653,28026,28186,28848,
108344,33267,34893,32680,34940,20423,22614,71825,32586,29973,17021,29667,27975,28240,28848,
108395,33376,34915,32666,35008,20408,22593,72420,32578,29945,16993,29653,28011,28187,28841,
108446,33324,34923,32724,34920,20408,22550,73311,32626,29924,17028,29674,28055,28171,28841,
108496,33275,34915,32703,34968,20431,22551,74242,32610,29952,17035,29646,28055,28240,28841,
108547,33289,34915,32630,34954,20453,22486,74105,32586,30008,16993,29674,27997,28256,28848,
108598,33311,34892,32652,34940,20408,22437,74292,32586,29994,17007,29716,27990,28225,28834,
108649,33317,34923,32681,34967,20416,22416,74071,32586,29981,17049,29646,27990,28171,28855,
108700,33289,34915,32646,34920,20423,22373,73552,32601,29975,17042,29667,28011,28248,28855,
108751,33260,34978,32674,34954,20408,22387,73746,32594,29960,17042,29667,28005,28180,28855,
108802,33332,34908,32681,34927,20423,22359,73331,32588,30037,17021,29674,28011,28179,28855,
108853,33304,34892,32659,34927,20431,22337,73311,32586,29952,16979,29667,28012,28179,28841,
108903,33274,34892,32710,34981,20416,22344,72157,32586,29952,17000,29675,28019,28148,28841,
108954,33318,34931,32666,34974,20483,22302,71131,32633,29939,16993,29674,28018,28164,28848,
109006,33296,34908,32660,34967,20431,22266,71095,32602,29952,17007,29689,28012,28156,28855,
109057,33340,34908,32666,34954,20423,22267,71268,32587,29945,17049,29653,27983,28248,28848,
109108,33303,34939,32681,34934,20416,22238,71481,32594,29975,17014,29660,27990,28179,28848,
109159,33332,34923,32667,34974,20431,22203,71447,32571,30015,17021,29689,28026,28156,28855,
109210,33260,34962,32688,34954,20401,22202,71814,32633,29945,17007,29696,27990,28226,28855,
109261,33282,34923,32681,34974,20408,22188,72007,32632,30002,17049,29639,28012,28187,28848,
109312,33318,34916,32660,35022,20401,22160,71848,32564,30008,16986,29710,27990,28256,28848,
109362,33282,34946,32660,34940,20401,22167,71634,32617,29924,17007,29660,27998,28164,28848,
109413,33289,34915,32645,34934,20416,22167,70937,32595,29953,17007,29688,28019,28195,28848,
109465,33268,34900,32660,34961,20394,22131,70233,32618,29981,17000,29688,28005,28210,28834,
109516,33296,34892,32652,34987,20408,22124,70579,32610,29961,16986,29661,28026,28179,28863,
109567,33275,34900,32667,34960,20401,22167,70793,32595,29981,17021,29668,28033,28164,28855,
109618,33260,34900,32645,34920,20394,22082,70315,32587,29967,17028,29675,28026,28172,28841,
109669,33260,34915,32667,34961,20379,22110,69874,32610,29938,16986,29731,28076,28187,28848,
109720,33318,34947,32630,34947,20394,22096,69419,32595,29953,16986,29675,28004,28164,28834,
109771,33267,34876,32659,34961,20393,22096,68845,32587,29939,17021,29654,28012,28233,28827,
109822,33282,34907,32659,34974,20401,22032,68582,32626,29995,17035,29667,28004,28179,28855,
109873,33318,34916,32688,34981,20386,22075,69246,32594,29947,16979,29688,27983,28156,28842,
109924,33282,34940,32652,34947,20394,22046,68965,32572,29960,16993,29667,28012,28188,28849,
109975,33282,34955,32696,34933,20416,22046,68888,32649,29988,17036,29646,27990,28187,28848,
110026,33311,34932,32645,34961,20401,22032,68845,32641,29996,17049,29675,27997,28202,28848,
110077,33303,34908,32645,34960,20408,22067,69481,32595,29946,17000,29695,28012,28156,28848,
110128,33340,34915,32659,35008,20408,22004,70076,32603,29961,17035,29689,28012,28164,28841,
110179,33281,34924,32674,34933,20394,21997,70540,32603,29974,16979,29675,27997,28188,28856,
110229,33311,34962,32652,34974,20408,22011,71173,32580,29975,17035,29660,27990,28187,28862,
110280,33253,34930,32652,34920,20401,21982,72472,32602,29932,17028,29667,27983,28149,28856,
110331,33361,34916,32660,34920,20394,21989,73334,32610,29974,16986,29654,28069,28180,28862,
110382,33304,34939,32703,34967,20386,21926,73612,32588,29925,17000,29668,28019,28165,28856,
110433,33311,34939,32703,34988,20401,21904,74510,32649,29953,17071,29674,28041,28188,28856,
110484,33347,34931,32689,34981,20379,21883,75103,32603,29967,16986,29689,28034,28195,28855,
110535,33347,34946,32667,34954,20401,21904,76077,32649,29968,16986,29682,28027,28211,28856,
110586,33304,34924,32667,34960,20423,21869,77542,32603,29995,17028,29681,28084,28179,28848,
110637,33303,34954,32653,34940,20386,21776,77365,32596,29989,17035,29682,28062,28188,28870,
110688,33268,34900,32653,35008,20386,21805,76570,32588,29954,17000,29682,28034,28181,28870,
110739,33297,34915,32645,34995,20401,21784,76094,32627,30017,16986,29689,28019,28180,28856,
110790,33289,34915,32652,34968,20416,21819,76093,32611,29932,17028,29661,28055,28233,28849,
110841,33282,34891,32637,34947,20394,21798,75575,32619,29954,16993,29710,27998,28195,28856,
110892,33296,34955,32631,34974,20408,21812,75354,32595,29960,16986,29675,28019,28188,28863,
110943,33303,34931,32646,35015,20394,21805,75092,32650,30045,17000,29668,27983,28180,28849,
110994,33296,34954,32667,34988,20386,21791,73697,32611,29996,17007,29675,28019,28257,28856,
111045,33275,34893,32681,34954,20386,21848,73062,32596,29946,17000,29746,28041,28188,28856,
111096,33318,34963,32660,34974,20416,21798,73055,32580,29961,16986,29632,28041,28165,28856,
111147,33282,34955,32645,35008,20386,21876,72559,32634,29940,17035,29661,28041,28188,28856,
111198,33304,34939,32652,34947,20416,21876,71240,32603,29974,17007,29654,28005,28196,28856,
111249,33319,34947,32717,34981,20409,21848,71038,32588,29975,16958,29675,27997,28188,28856,
111299,33289,34962,32667,34927,20408,21840,71344,32650,30031,17028,29703,28019,28211,28856,
111350,33319,34970,32653,35008,20401,21883,70812,32596,29955,17000,29682,27998,28226,28842,
111401,33318,34908,32653,34974,20416,21862,70610,32596,29956,17029,29660,28012,28280,28863,
111452,33304,34954,32667,34961,20394,21855,71371,32589,30017,17036,29654,28012,28172,28849,
111503,33275,34962,32696,34975,20416,21876,70799,32596,29968,16979,29654,28005,28257,28863,
111554,33289,34962,32703,34975,20408,21876,70052,32589,30004,17000,29675,28027,28196,28842,
111605,33325,34908,32688,34941,20401,21883,67948,32581,29989,16993,29739,28041,28196,28863,
111656,33304,34885,32681,35022,20386,21954,51897,32612,29997,16993,29689,27991,28196,28856,
111707,33312,34947,32653,34968,20364,22004,47161,32635,29997,17014,29667,28027,28234,28849,
111758,33318,34916,32659,34927,20371,22025,43794,32635,29960,17000,29660,28063,28311,28856,
111808,33332,34900,32718,34968,20423,22217,40344,32658,30004,17021,29675,28041,28211,28856,
111859,33326,34931,32668,35022,20394,22146,37915,32627,29954,17043,29668,28077,28242,28863,
111910,33289,34939,32739,34974,20431,22153,37831,32589,29962,17029,29689,28019,28243,28842,
111961,33261,34955,32675,34974,20409,22181,37562,32620,30004,16986,29661,28027,28204,28877,
112012,33326,34939,32689,34947,20423,22132,37355,32635,29954,17014,29696,28034,28181,28863,
112063,33275,34877,32660,34961,20401,22182,36336,32612,29948,17021,29654,27998,28219,28863,
112115,33333,34916,32703,34968,20416,22182,36253,32597,29956,17021,29675,28027,28226,28864,
112166,33361,34916,32660,34968,20423,22160,36177,32651,29989,16993,29703,27983,28257,28877,
112217,33318,34946,32653,34941,20401,22188,36114,32620,29940,17007,29647,28070,28219,28856,
112268,33289,34931,32681,34940,20394,22153,36012,32605,30025,16993,29661,28005,28212,28863,
112319,33326,34885,32682,35008,20423,22153,35653,32674,29947,16993,29675,28005,28242,28856,
112370,33311,34939,32702,34934,20401,22082,35433,32627,29961,17028,29703,28048,28234,28849,
112421,33318,34946,32653,34981,20416,22117,35274,32596,29947,16986,29696,28077,28189,28842,
112472,33340,34900,32725,34941,20416,22132,35178,32596,29947,16965,29661,28034,28242,28871,
112523,33325,34916,32697,34995,20394,22096,35060,32620,29962,16958,29647,28005,28211,28864,
112574,33348,34923,32667,34927,20394,22089,34950,32581,29997,17007,29682,28012,28258,28849,
112625,33355,34931,32711,34955,20394,22089,34936,32605,29990,17014,29718,27991,28204,28849,
112676,33355,34947,32689,35036,20423,22124,34971,32635,29948,17000,29697,28048,28211,28870,
112727,33295,34908,32660,34940,20401,22103,35033,32611,29962,16993,29675,28012,28212,28857,
112778,33318,34932,32660,34982,20409,22146,35040,32620,29941,17029,29668,28005,28303,28857,
112828,33333,35001,32696,34920,20394,22167,35192,32613,29983,17014,29710,28020,28249,28857,
112879,33296,34939,32646,34941,20394,22203,35433,32627,30004,16958,29690,28012,28204,28850,
112930,33370,34924,32710,34975,20423,22174,36234,32644,29969,17057,29669,28034,28204,28843,
112981,33312,34932,32703,34941,20416,22182,36882,32621,29955,17014,29668,28034,28196,28856,
113032,33319,34931,32718,34927,20401,22203,37089,32628,29969,17007,29697,28027,28196,28870,
113083,33283,34940,32682,35015,20394,22231,36448,32613,29998,17000,29725,28034,28196,28857,
113133,33312,34916,32682,34941,20409,22252,36033,32620,30032,17007,29668,28041,28211,28856,
113184,33313,34916,32653,34981,20409,22189,35661,32597,29963,17007,29704,28041,28226,28856,
113235,33311,34947,32674,35022,20386,22196,35502,32605,29941,16993,29669,28020,28204,28864,
113286,33333,34908,32660,35009,20394,22182,35558,32620,29976,17015,29675,28020,28273,28843,
113337,33282,34916,32710,34934,20386,22132,35661,32605,29948,17000,29718,28063,28211,28856,
113388,33318,34939,32653,35002,20394,22139,35634,32620,29991,17007,29668,28027,28227,28850,
113439,33289,34931,32660,34934,20401,22139,35827,32613,29920,16958,29647,28012,28250,28871,
113490,33261,34939,32674,35002,20401,22153,35841,32589,29984,16993,29669,28005,28196,28850,
113542,33349,34916,32654,34954,20423,22153,35820,32613,29997,16958,29697,28049,28196,28864,
113593,33290,34978,32697,34968,20409,22153,35876,32612,29976,16986,29662,28020,28281,28857,
113644,33348,34947,32682,34988,20408,22132,35937,32652,29956,16993,29654,28020,28227,28864,
113694,33347,34932,32660,34989,20409,22146,35758,32628,29962,16958,29690,28013,28281,28864,
113745,33297,34908,32689,34928,20416,22167,35572,32636,29969,16986,29661,28034,28243,28857,
113796,33297,34901,32638,34941,20401,22132,35462,32636,29963,16951,29690,28027,28250,28850,
113847,33349,34954,32703,34927,20416,22139,35241,32629,29955,17036,29648,28013,28273,28849,
113909,33362,34892,32653,34948,20409,22132,35227,32621,29998,16965,29690,28042,28227,28864,
114003,33312,34978,32660,34996,20409,22146,35227,32652,29969,16965,29655,28049,28219,28864,
114054,33304,34978,32682,34975,20438,22125,35172,32613,29956,17000,29711,28020,28258,28857,
114105,33356,34916,32675,34982,20409,22139,35152,32644,29962,16972,29676,28020,28212,28857,
114157,33312,34931,32681,34927,20416,22153,35082,32629,29991,16993,29676,28049,28219,28864,
114208,33311,34994,32660,34934,20386,22181,35020,32606,29984,16951,29690,28020,28212,28871,
114259,33298,34916,32668,35009,20416,22146,35041,32629,29991,16986,29740,28085,28189,28864,
114310,33297,34932,32732,34968,20416,22182,35027,32636,29949,16972,29711,28042,28189,28857,
114360,33326,34947,32675,34975,20416,22146,35007,32614,29948,17022,29683,28042,28212,28857,
114411,33312,34986,32661,35002,20424,22196,35014,32659,29956,16951,29705,28020,28189,28871,
114461,33319,34901,32667,34988,20409,22125,35048,32622,29957,16965,29690,28056,28220,28843,
114512,33291,34954,32668,34954,20409,22160,35165,32629,29984,16951,29668,28078,28250,28850,
114563,33320,34939,32646,34940,20401,22146,35421,32621,29977,16979,29690,28034,28265,28871,
114614,33348,34970,32668,34995,20401,22160,36593,32629,29948,16986,29662,28027,28220,28864,
114665,33326,34924,32682,34988,20394,22224,36656,32652,29969,16972,29733,28049,28205,28850,
114716,33268,34978,32675,34975,20394,22274,36242,32644,29978,16965,29704,28041,28220,28864,
114767,33312,34948,32667,34940,20401,22217,36034,32629,29963,16965,29662,28020,28197,28864,
114818,33327,34931,32675,35036,20416,22224,35959,32629,29956,16958,29704,28049,28282,28871,
114869,33318,34939,32689,34995,20409,22260,35952,32622,30019,16951,29704,28035,28220,28871,
114920,33340,34932,32661,34934,20409,22253,35807,32614,30005,17022,29662,28035,28220,28857,
114971,33319,34955,32682,34961,20416,22302,35683,32622,29949,16979,29669,28014,28243,28871,
115022,33318,34908,32653,34941,20394,22238,35455,32630,30026,16972,29718,28085,28205,28864,
115073,33340,34908,32668,34975,20409,22231,35393,32675,29936,16972,29676,28064,28212,28864,
115124,33304,34916,32718,34995,20386,22238,35345,32621,29963,16951,29697,28070,28235,28871,
115175,33297,34916,32725,34947,20416,22139,34979,32622,29935,17001,29725,28027,28212,28871,
115226,33334,34947,32696,34948,20423,22061,34606,32623,29977,16937,29676,28071,28220,28865,
115277,33319,34955,32667,34954,20424,22110,34475,32630,29962,16979,29690,28106,28205,28864,
115328,33341,34963,32682,34955,20416,22082,34385,32622,29984,17008,29698,28020,28289,28878,
115379,33363,34924,32674,35023,20438,22104,34262,32614,29985,16993,29676,28057,28243,28857,
115430,33319,34994,32690,34995,20424,22174,34206,32599,30005,16979,29705,28063,28220,28865,
115480,33334,34978,32704,34968,20416,22111,34186,32614,29978,16965,29662,28035,28197,28858,
115531,33305,34971,32675,34975,20409,22089,33993,32599,29984,16951,29684,28013,28220,28864,
115582,33290,34932,32661,35016,20416,22118,33786,32615,30006,16994,29669,28035,28228,28857,
115633,33334,34955,32689,34955,20431,21905,33420,32622,29978,16972,29711,28027,28197,28872,
115684,33312,34955,32704,34982,20401,21912,33310,32629,29985,16979,29711,28063,28228,28857,
115736,33312,34924,32661,34948,20431,22082,33703,32599,29971,16994,29676,28063,28281,28872,
115786,33348,34924,32682,34975,20423,22075,33723,32599,29971,16951,29669,28042,28320,28865,
115837,33298,34932,32718,35009,20401,22374,33759,32622,29964,16965,29691,28027,28228,28879,
115889,33391,34948,32747,35016,20438,22246,33786,32653,29949,16930,29683,28013,28243,28865,
115940,33320,34932,32740,35016,20565,22011,33766,32653,29992,16979,29676,28035,28213,28872,
115990,33363,34971,32711,35050,20565,21883,33579,32630,29964,16972,29684,28035,28220,28858,
116042,33304,34940,32725,35016,20506,21820,33345,32615,29956,16951,29711,28079,28228,28858,
116093,33356,34932,32704,35063,20446,22367,33455,32630,29964,16986,29691,28042,28228,28850,
116144,33304,34885,32711,34921,20491,22992,33683,32645,29964,16937,29691,28020,28343,28858,
116195,33327,34932,32675,34914,20528,22807,34152,32638,30062,16951,29677,28042,28267,28844,
116246,33378,34924,32646,34900,20476,22438,35374,32645,30013,16937,29683,28042,28212,28872,
116297,33341,34963,32654,34900,20491,22402,35519,32639,30006,16951,29691,28049,28266,28851,
116348,33333,34885,32682,34976,20476,22395,35664,32677,30007,16980,29676,28020,28228,28872,
116399,33298,34917,32646,34886,20498,22423,35519,32646,29992,16987,29725,28021,28244,28872,
116449,33319,34955,32660,34975,20476,22544,35257,32638,29977,17022,29747,28042,28312,28885,
116500,33363,34924,32747,34982,20424,22779,34284,32623,29999,16986,29719,28028,28213,28872,
116551,33348,34940,32711,34989,20409,22615,34036,32630,29994,16923,29669,28035,28236,28865,
116603,33355,34971,32725,34975,20371,22786,33843,32615,29964,16944,29683,28013,28228,28865,
116654,33341,34979,32740,35063,20409,23354,33753,32630,29999,17015,29684,28020,28282,28872,
116705,33356,35025,32790,34955,20424,23660,33863,32653,29971,16944,29662,28042,28197,28886,
116756,33312,34963,32718,34982,20424,24364,33828,32645,29978,16944,29690,28042,28198,28872,
116807,33392,34963,32769,34955,20453,25294,34043,32631,29950,16958,29691,28035,28229,28865,
116858,33341,34971,32726,34961,20461,25678,34242,32661,30028,16937,29690,28042,28259,28872,
116909,33341,34924,32747,34982,20461,25259,34236,32630,29957,16987,29697,28049,28236,28886,
116960,33312,34956,32747,35023,20439,25870,34001,32685,29964,17001,29705,28042,28205,28879,
117010,33362,34955,32797,35009,20424,27149,34022,32654,29957,16951,29740,28028,28213,28865,
117061,33298,34948,32755,34996,20394,29608,34104,32608,29971,17015,29712,28028,28236,28865,
117112,33341,34978,32805,35023,20521,34605,34181,32623,29985,16923,29683,28021,28243,28858,
117163,33312,35032,32797,35030,20603,39640,34684,32670,29943,16930,29690,28035,28228,28851,
117214,33334,35026,32783,35050,20662,48058,35202,32646,29979,16930,29684,28049,28220,28851,
117265,33341,35033,32798,35064,20856,50164,34788,32615,29965,16916,29733,28035,28282,28851,
117317,33355,35018,32782,35070,20774,52306,35036,32630,29965,16937,29676,28035,28251,28858,
117368,33305,35048,32805,35063,20841,54789,35009,32615,29972,16958,29662,28035,28213,28865,
117419,33340,35002,32819,35057,21020,56716,34871,32638,30006,16958,29684,28021,28229,28865,
117470,33356,34986,32856,35002,21073,60616,34995,32662,29957,16979,29684,28093,28236,28879,
117521,33320,35025,32841,35071,21192,61820,34933,32631,29987,16944,29690,28064,28205,28844,
117572,33327,35010,32805,35064,21222,62830,35099,32639,30013,16965,29684,27999,28229,28858,
117623,33349,35072,32841,35071,21304,62651,34954,32631,29979,16930,29691,28021,28213,28886,
117675,33334,35010,32841,35084,21453,62032,35078,32646,30006,16937,29662,28021,28236,28865,
117725,33276,34979,32863,35023,21438,61627,35016,32647,29993,16958,29719,28050,28213,28851,
117777,33312,35025,32820,35036,21468,60609,34899,32607,30000,16965,29691,28042,28213,28865,
117828,33298,35018,32819,35009,21460,59263,34830,32654,29951,16958,29676,28035,28221,28872,
117879,33283,35025,32819,35016,21490,58096,34733,32693,29965,16951,29712,28042,28221,28872,
117929,33342,35009,32848,35016,21498,57954,34747,32632,30071,16987,29677,28014,28221,28858,
117980,33341,35033,32834,35050,21505,57492,34734,32654,30043,16958,29676,28042,28213,28865,
118031,33313,35049,32820,35043,21497,57441,34775,32654,29965,16937,29698,28028,28221,28858,
118082,33291,35018,32827,35091,21505,57271,34844,32615,30009,16916,29683,28042,28213,28872,
118133,33356,35002,32812,35016,21408,57063,35051,32608,29972,16916,29733,28064,28198,28858,
118184,33305,35041,32849,35010,21512,57598,35058,32694,30029,16944,29656,28050,28228,28872,
118235,33320,35001,32805,35022,21557,57272,35064,32640,29958,16944,29677,28057,28244,28872,
118286,33305,34994,32827,35029,21580,57193,35003,32639,29979,16937,29705,28035,28236,28872,
118337,33326,35033,32863,35050,21565,56539,35023,32624,30000,16958,29747,28021,28236,28865,
118388,33342,34994,32819,35023,21572,57555,35079,32639,29966,16930,29733,28050,28244,28865,
118439,33305,35002,32841,34995,21587,57429,35030,32639,29958,16965,29698,28043,28221,28879,
118490,33312,35009,32863,35050,21669,57243,35010,32655,30035,16937,29705,28014,28290,28879,
118540,33333,35002,32841,35017,21624,57579,35058,32624,29979,16916,29684,28064,28267,28865,
118591,33327,35056,32812,35009,21699,55473,34878,32648,29994,16958,29712,28021,28229,28879,
118642,33298,35025,32834,35023,21848,53245,34754,32670,29994,16916,29663,28071,28245,28858,
118693,33313,35010,32819,35009,21856,54006,34775,32632,29979,16930,29691,28043,28244,28865,
118743,33319,35018,32834,35063,21855,53096,34768,32694,30007,16973,29705,28035,28244,28872,
118794,33334,35010,32835,35050,21803,53827,34920,32639,30000,16965,29712,28071,28244,28858,
118845,33348,35041,32856,35036,21773,53473,34899,32632,29986,16972,29677,28050,28236,28873,
118896,33335,35025,32841,34996,21811,53709,34906,32662,30000,16909,29705,28035,28221,28879,
118947,33305,35010,32848,35016,21855,53451,34817,32678,29966,16959,29683,28042,28236,28879,
118998,33291,35010,32819,35016,21938,53232,34789,32647,30029,16923,29712,28064,28221,28858,
119049,33319,35072,32834,34996,21938,53026,34748,32655,29994,16937,29699,28057,28291,28872,
119100,33313,35056,32812,35037,21982,52868,34727,32678,30008,16965,29684,28064,28221,28865,
119150,33327,35033,32842,35010,21997,52541,34707,32639,30036,16909,29691,28057,28290,28865,
119201,33349,35010,32841,35003,21952,52086,34706,32670,30000,16958,29713,28036,28222,28865,
119252,33306,35063,32842,35050,21915,52492,34762,32655,29959,16923,29698,28035,28229,28879,
119304,33291,34995,32842,35078,21945,52925,34776,32655,29965,16958,29691,28028,28313,28859,
119355,33305,35034,32813,35037,22012,52571,34761,32655,29972,16930,29677,28093,28236,28879,
119406,33298,35025,32806,35030,22027,52224,34727,32678,29980,16923,29719,28050,28260,28866,
119457,33277,35057,32841,35043,22049,52393,34748,32671,29973,16958,29692,28036,28252,28859,
119509,33299,35002,32834,35064,22034,52235,34755,32672,29987,16916,29691,28071,28221,28865,
119560,33335,35018,32835,35071,22019,52499,34790,32632,29981,16909,29712,28036,28252,28865,
119610,33363,35049,32855,35064,21990,52378,34796,32702,30015,16937,29684,28050,28221,28866,
119661,33328,35049,32863,35023,22012,51987,34776,32647,29987,16944,29684,28043,28206,28866,
119712,33312,34971,32841,35030,22012,52222,34796,32656,30002,16965,29726,28043,28244,28866,
119762,33305,35034,32856,35051,21997,52705,34803,32625,29959,16930,29748,28036,28229,28866,
119813,33297,35002,32856,35037,22064,53018,34769,32663,29980,16951,29734,28065,28229,28866,
119864,33334,35033,32848,35043,22094,53704,34838,32687,29965,16987,29706,28057,28237,28880,
119914,33299,34994,32878,35009,22005,54451,34935,32656,29994,16930,29698,28036,28221,28859,
119965,33284,34987,32827,35023,21922,54847,35017,32624,29924,16930,29684,28050,28253,28880,
120031,33342,35026,32878,35044,21893,55361,35080,32632,30016,16952,29726,28036,28298,28859,
120082,33306,35111,32841,35057,21863,54663,35093,32640,29974,16923,29691,28050,28237,28873,
120133,33320,35025,32877,35036,21855,54364,35080,32625,30092,16937,29691,28050,28237,28859,
120184,33305,35056,32806,35078,21841,54230,35093,32648,29960,16966,29691,28043,28284,28859,
120235,33349,35018,32841,34996,21863,54045,35080,32648,29995,17029,29677,28057,28214,28859,
120286,33305,35018,32834,34989,21848,53197,35032,32655,29972,16987,29677,28064,28229,28866,
120337,33356,35033,32885,35010,21803,53048,35059,32655,30015,16930,29691,28050,28314,28866,
120388,33298,35050,32820,35030,21826,52379,35031,32648,30022,16909,29677,28050,28253,28873,
120439,33312,35041,32841,35043,21781,51819,35031,32632,30065,16958,29706,28108,28230,28873,
120491,33320,35003,32849,35050,21729,51469,35053,32648,30008,16958,29698,28079,28283,28873,
120542,33313,35018,32827,35009,21729,52502,35094,32648,29980,16966,29670,28036,28253,28859,
120593,33328,35033,32834,35016,21676,53168,35197,32640,29966,16923,29663,28043,28253,28866,
120644,33348,35049,32819,35077,21617,52912,35211,32656,30002,16923,29706,28043,28245,28859,
120695,33334,35049,32834,35050,21513,50922,35149,32648,29994,16980,29727,28036,28222,28866,
120746,33312,34979,32863,35017,21386,48475,35183,32641,29973,16930,29685,28050,28229,28866,
120797,33335,35026,32820,35057,21080,43042,35163,32641,29974,16923,29691,28036,28230,28873,
120848,33341,35018,32870,34996,20879,34864,34646,32702,29952,16987,29699,28036,28222,28873,
120899,33378,35096,32805,35030,20819,29432,34148,32655,29966,16937,29684,28058,28238,28866,
120950,33334,35003,32763,35003,20722,24322,33887,32640,29980,16930,29698,28072,28268,28866,
121001,33306,34987,32755,34982,20685,23469,33873,32648,29973,16958,29698,28086,28245,28873,
121053,33363,34972,32777,34942,20573,22808,33817,32664,29966,16923,29720,28065,28314,28880,
121104,33363,34964,32734,34983,20506,22666,33790,32641,30093,16937,29699,28065,28253,28880,
121155,33327,34971,32749,34983,20536,22736,33741,32657,29967,16937,29706,28065,28253,28887,
121206,33349,34995,32726,34941,20535,22665,33713,32641,29959,16937,29712,28057,28230,28859,
121257,33313,34964,32734,34962,20498,22637,33685,32641,30022,16909,29663,28057,28245,28866,
121308,33357,34956,32712,35010,20506,22558,33686,32657,30010,16916,29677,28051,28238,28866,
121359,33342,35018,32726,35016,20498,22551,33685,32625,29967,16959,29671,28051,28245,28866,
121410,33370,34956,32726,34983,20483,22473,33658,32702,30023,16909,29670,28057,28245,28887,
121461,33422,34956,32756,35003,20491,22509,33651,32648,29959,16930,29699,28079,28245,28866,
121512,33342,35041,32726,35009,20483,22459,33637,32649,29974,16994,29684,28036,28245,28859,
121563,33350,34987,32741,34942,20506,22466,33631,32625,29974,16959,29670,28043,28238,28873,
121614,33392,34964,32719,34948,20468,22409,33624,32687,30037,16909,29670,28065,28246,28845,
121665,33363,34964,32762,34996,20491,22388,33631,32634,29981,16909,29677,28050,28238,28873,
121716,33342,34971,32712,34935,20506,22388,33603,32649,29953,16944,29685,28051,28230,28880,
121767,33327,34956,32726,34982,20491,22409,33610,32664,29960,16902,29684,28043,28245,28873,
121818,33342,34971,32734,35016,20468,22360,33596,32688,29973,16937,29685,28086,28330,28873,
121869,33306,34964,32726,34942,20491,22346,33603,32618,29967,16973,29692,28050,28238,28873,
121920,33363,34979,32726,34949,20461,22331,33603,32664,29967,16937,29692,28058,28238,28880,
121971,33320,35002,32726,34948,20491,22360,33603,32641,29967,16959,29677,28065,28268,28880,
122022,33341,34948,32748,35003,20491,22331,33604,32687,29974,16916,29706,28043,28261,28873,
122073,33371,34963,32719,34983,20476,22374,33596,32641,29953,16930,29720,28057,28245,28880,
122124,33392,34963,32719,34948,20476,22331,33576,32641,30023,16937,29749,28043,28245,28873,
122175,33363,34971,32755,34976,20483,22324,33555,32642,29953,16987,29727,28065,28238,28887,
122226,33327,34956,32719,34976,20461,22324,33562,32649,29981,16966,29684,28050,28253,28873,
122277,33393,34933,32733,34962,20483,22310,33569,32634,30010,16959,29705,28072,28253,28859,
122328,33393,34924,32754,34989,20483,22303,33583,32664,29967,16916,29720,28058,28230,28866,
122378,33348,34972,32705,34955,20468,22282,33569,32703,29995,16959,29685,28058,28322,28880,
122429,33400,34964,32705,35010,20439,22303,33555,32695,29996,16909,29706,28101,28268,28880,
122480,33364,35010,32755,34942,20461,22289,33548,32680,29995,16945,29691,28079,28330,28852,
122530,33349,34995,32720,34955,20476,22260,33549,32664,29974,16923,29677,28050,28307,28873,
122581,33378,34949,32769,34990,20461,22303,33562,32657,29966,16959,29685,28072,28276,28894,
122632,33356,34972,32727,34962,20454,22267,33555,32657,30036,16930,29698,28079,28253,28880,
122683,33320,34972,32726,34976,20483,22296,33549,32649,30010,16980,29748,28043,28246,28880,
122734,33357,34971,32741,34969,20431,22267,33555,32665,30002,16916,29685,28043,28246,28887,
122785,33401,34948,32727,34969,20461,22317,33535,32711,30002,16966,29692,28058,28238,28880,
122836,33335,35010,32712,34941,20483,22267,33535,32703,29989,16916,29699,28058,28253,28859,
122887,33336,34971,32719,35016,20439,22260,33555,32642,30010,16966,29748,28036,28253,28873,
122937,33379,34995,32755,35016,20468,22310,33556,32666,29974,16952,29670,28072,28238,28880,
122988,33370,34956,32748,34996,20453,22239,33542,32672,29989,16916,29699,28029,28245,28888,
123039,33349,34971,32727,34996,20454,22296,33535,32650,30003,16909,29706,28065,28261,28873,
123090,33335,35002,32755,35003,20468,22268,33549,32649,29974,16916,29727,28029,28269,28881,
123141,33321,35003,32726,35003,20483,22246,33521,32657,29975,16930,29684,28051,28238,28880,
123192,33320,34964,32748,34949,20476,22232,33535,32665,30052,16895,29699,28065,28261,28873,
123242,33327,34987,32719,34949,20483,22268,33535,32703,29960,16994,29685,28051,28253,28880,
123293,33334,34948,32756,35031,20453,22261,33528,32657,29967,16909,29720,28080,28246,28874,
123344,33363,34956,32727,34962,20483,22260,33528,32650,29961,16938,29713,28058,28261,28881,
123395,33328,35003,32741,34976,20461,22239,33521,32649,30009,16945,29699,28094,28261,28859,
123446,33335,34987,32705,34962,20461,22253,33522,32658,29967,16937,29699,28058,28253,28866,
123497,33379,34918,32705,35003,20446,22282,33521,32711,29996,16966,29706,28036,28230,28880,
123548,33335,34956,32705,35003,20461,22260,33550,32642,30039,16973,29699,28073,28238,28873,
123600,33342,35018,32727,34982,20453,22218,33522,32657,30017,16952,29692,28058,28246,28873,
123651,33320,34956,32719,34983,20453,22225,33522,32642,29967,16916,29727,28065,28246,28873,
123702,33401,35011,32712,34969,20468,22268,33535,32657,29960,16966,29692,28079,28253,28867,
123753,33603,35057,32720,34969,20461,22261,33535,32695,29967,16930,29699,28066,28284,28852,
123803,33662,35026,32712,35010,20469,22253,33522,32657,30002,16980,29698,28058,28269,28887,
123854,33619,35065,32734,35016,20454,22232,33528,32642,29982,16923,29713,28080,28261,28873,
123905,34008,35096,32706,35030,20468,22275,33522,32634,29967,16902,29720,28058,28299,28881,
123956,34219,35065,32691,35010,20476,22225,33529,32696,30010,16923,29685,28065,28253,28874,
124007,34082,35096,32727,34976,20468,22225,33522,32665,29974,16973,29734,28065,28230,28860,
124058,33705,35034,32698,34962,20446,22225,33515,32666,29968,16952,29685,28044,28261,28888,
124109,33590,35011,32755,35030,20461,22204,33508,32650,30003,16923,29692,28065,28261,28881,
124160,33634,35018,32763,34955,20446,22203,33529,32664,29989,16951,29692,28065,28322,28859,
124211,33503,34980,32749,34949,20484,22218,33522,32650,30003,16909,29713,28079,28253,28874,
124261,33588,34987,32720,34976,20469,22247,33522,32666,29989,16923,29670,28051,28269,28888,
124312,33662,35050,32712,34983,20469,22218,33501,32666,29989,16923,29713,28051,28277,28881,
124363,33916,35104,32692,35003,20476,22204,33515,32666,30017,16916,29748,28079,28261,28888,
124414,33786,35059,32698,34996,20461,22246,33508,32657,29968,16902,29692,28065,28269,28874,
124465,33909,35042,32713,34955,20468,22182,33501,32666,29997,16924,29713,28058,28254,28867,
124516,34053,35035,32698,35023,20468,22239,33508,32673,29982,16959,29713,28051,28231,28874,
124567,33995,35050,32691,35016,20468,22225,33515,32658,29961,16909,29720,28058,28285,28867,
124618,33974,34995,32748,34996,20454,22190,33508,32650,29968,16952,29734,28072,28269,28880,
124669,34806,35128,32713,34949,20461,22218,33501,32627,29975,16959,29706,28065,28285,28881,
124720,35183,35066,32720,34989,20468,22218,33501,32681,29982,16916,29720,28065,28269,28867,
124771,36015,35074,32763,35010,20468,22218,33495,32642,29975,16930,29670,28065,28238,28888,
124822,36189,35128,32778,34956,20461,22218,33515,32658,30010,16902,29707,28087,28269,28867,
124873,36717,35205,32720,34942,20483,22232,33508,32650,30038,16952,29700,28044,28262,28888,
124923,36457,35151,32756,34963,20476,22218,33495,32658,29983,16945,29692,28051,28246,28874,
124974,35487,35159,32778,34956,20468,22204,33515,32650,30032,16924,29692,28080,28262,28867,
125025,34075,35042,32726,34955,20461,22204,33495,32674,29989,16938,29706,28065,28277,28874,
125076,34206,35050,32749,34983,20483,22197,33495,32705,29990,16902,29685,28080,28269,28860,
125127,34329,35073,32749,34969,20461,22204,33508,32642,30004,17001,29693,28065,28262,28888,
125177,35002,35128,32726,34983,20461,22225,33488,32689,29996,16973,29685,28073,28261,28867,
125228,35820,35190,32734,34949,20483,22190,33502,32666,30025,16923,29685,28072,28354,28888,
125279,35596,35136,32748,34976,20446,22218,33516,32650,29990,16923,29678,28073,28285,28874,
125331,35305,35121,32807,34942,20461,22204,33502,32650,29982,16895,29707,28051,28239,28873,
125382,34973,35089,32741,34929,20491,22204,33502,32666,29976,16938,29700,28058,28262,28881,
125432,34713,35066,32749,34996,20454,22183,33502,32712,29975,16938,29713,28073,28246,28881,
125484,34814,35120,32777,34969,20461,22218,33516,32658,30018,16916,29679,28066,28246,28881,
125535,35226,35144,32720,34935,20483,22190,33502,32689,30115,16938,29692,28073,28323,28874,
125585,35082,35097,32728,34983,20491,22218,33502,32651,30011,16973,29714,28080,28246,28881,
125636,35879,35136,32727,34949,20476,22218,33495,32736,29969,16931,29692,28094,28261,28881,
125687,43029,35120,32785,34982,20461,22225,33509,32666,30011,16945,29685,28087,28254,28881,
125738,46832,35097,32756,34949,20431,22218,33509,32650,29961,16931,29685,28109,28262,28867,
125789,50548,35035,32770,34989,20446,22211,33502,32667,30017,16973,29713,28087,28262,28867,
125840,52450,35144,32778,34969,20461,22197,33503,32651,29976,16938,29678,28058,28285,28881,
125891,55004,35113,32792,34983,20454,22168,33488,32666,29983,16937,29699,28066,28277,28874,
125942,56720,35120,32814,34942,20469,22204,33502,32651,29983,16959,29678,28051,28247,28881,
125993,57946,35261,32807,34990,20461,22190,33495,32697,29996,16966,29756,28101,28254,28867,
126075,57562,35043,32814,35004,20439,22211,33495,32658,29969,16917,29671,28080,28269,28902,
126128,57525,34934,32836,34963,20446,22190,33495,32652,29997,16938,29714,28066,28269,28867,
126179,56996,34934,32799,34956,20446,22183,33488,32651,29982,16938,29749,28087,28254,28888,
126231,56859,34988,32785,35004,20416,22204,33488,32651,30039,16966,29671,28087,28285,28888,
126282,56902,35050,32864,34963,20439,22246,33495,32674,29976,16959,29714,28123,28277,28867,
126333,57618,35074,32843,35004,20431,22175,33502,32690,30046,16952,29706,28065,28254,28881,
126385,58350,35160,32821,34962,20461,22204,33495,32666,30004,16952,29700,28065,28262,28874,
126436,58706,35190,32799,35024,20446,22197,33495,32666,29990,16924,29735,28080,28270,28888,
126487,59190,35253,32792,34962,20461,22232,33482,32689,30012,16909,29693,28051,28254,28888,
126538,59205,35222,32828,34949,20461,22197,33496,32690,29997,16931,29713,28066,28270,28867,
126589,58655,35322,32821,34997,20454,22197,33496,32659,30018,16909,29692,28058,28254,28888,
126641,49559,37668,32692,34943,20536,22211,33461,32675,30025,16966,29692,28051,28277,28874,
126692,43872,38809,32728,34962,20536,22183,33468,32689,29969,16973,29692,28094,28254,28874,
126743,38667,38826,32691,35044,20521,22204,33475,32666,30018,16917,29699,28058,28277,28888,
126794,37253,37358,32735,35044,20528,22168,33482,32667,29983,16895,29770,28066,28307,28895,
126845,34148,35696,32786,35030,20498,22190,33496,32720,30004,16916,29693,28087,28331,28881,
126896,33836,35517,32757,35064,20491,22197,33489,32675,29983,16917,29706,28051,28277,28881,
126948,33191,35641,32865,34990,20498,22211,33482,32681,29976,16959,29685,28080,28269,28881,
126999,33061,35920,32822,34990,20491,22204,33489,32698,29969,16973,29721,28080,28247,28867,
127050,33299,36325,32814,35044,20498,22176,33475,32644,29983,16938,29678,28052,28247,28895,
127101,33480,37233,32758,35010,20551,22232,33489,32660,29983,16895,29686,28087,28270,28874,
127153,33451,37808,32663,35017,20528,22211,33475,32682,29976,16938,29700,28058,28254,28888,
127204,33429,37847,32627,35010,20551,22225,33475,32683,30046,16966,29728,28080,28231,28874,
127255,33494,37629,32648,35044,20498,22197,33475,32651,29976,16938,29700,28102,28285,28888,
127306,33575,37031,32656,34990,20491,22176,33489,32705,29990,16909,29714,28059,28332,28874,
127357,33575,36830,32656,35037,20498,22176,33482,32667,29976,16917,29721,28066,28285,28874,
127407,33618,36636,32670,35024,20483,22190,33482,32659,30027,16924,29735,28066,28262,28895,
127458,33589,36720,32692,35004,20498,22162,33475,32690,30004,16945,29693,28109,28292,28881,
127509,33482,36915,32649,35011,20506,22197,33482,32674,29984,16924,29672,28087,28270,28895,
127560,33495,36938,32642,35011,20536,22204,33476,32667,30054,16910,29679,28095,28270,28881,
127611,33626,36845,32649,34990,20499,22197,33468,32675,30004,16973,29692,28116,28285,28881,
127662,33676,36884,32648,34976,20513,22162,33475,32653,29970,16952,29700,28066,28285,28881,
127713,33741,36908,32634,34977,20558,22204,33475,32698,29991,16902,29714,28051,28270,28867,
127764,33706,36868,32648,35044,20499,22183,33454,32660,29977,16973,29686,28066,28323,28882,
127815,33626,36876,32670,35017,20498,22183,33475,32652,30011,16931,29700,28080,28277,28902,
127866,33569,36814,32692,35031,20476,22218,33468,32706,30026,16966,29686,28066,28370,28874,
127917,33481,36790,32677,34983,20491,22197,33496,32674,29997,16916,29686,28073,28277,28881,
127968,33481,36752,32699,34983,20506,22197,33482,32659,30004,16917,29714,28073,28308,28888,
128019,33315,37101,32627,35010,20566,22190,33469,32682,29998,16994,29693,28066,28285,28881,
128070,33453,37047,32627,35058,20566,22225,33475,32705,29977,16910,29756,28073,28270,28860,
128121,33438,37272,32655,34990,20506,22176,33476,32652,29990,17002,29678,28094,28270,28874,
128172,33531,37342,32663,34976,20543,22190,33476,32682,29984,16973,29685,28080,28285,28881,
128224,33626,37699,32598,35018,20484,22190,33489,32651,30026,16945,29714,28073,28247,28881,
128275,33727,37925,32569,35058,20484,22225,33482,32683,30004,16902,29756,28131,28270,28895,
128327,33974,38150,32526,34990,20484,22154,33496,32729,29977,16938,29686,28138,28262,28888,
128378,34082,38561,32562,35010,20498,22176,33469,32683,30069,16931,29742,28102,28270,28888,
128429,34878,41768,32483,34990,20506,22211,33469,32674,29977,16952,29757,28059,28293,28874,
128480,35725,44293,32403,35031,20491,22190,33462,32667,29983,16959,29671,28066,28262,28881,
128532,36607,46835,32367,35051,20566,22197,33448,32705,30005,16924,29700,28066,28278,28895,
128583,37100,48606,32346,35051,20528,22183,33420,32683,30019,16924,29714,28088,28278,28875,
128634,38157,50836,32274,35024,20506,22204,33434,32714,30040,16924,29700,28073,28270,28882,
128685,38614,51224,32194,35017,20498,22162,33427,32675,30026,16895,29678,28059,28285,28888,
128736,39469,51830,32259,35031,20551,22211,33421,32721,29984,16910,29686,28059,28278,28881,
128787,39765,52522,32252,35058,20536,22247,33435,32713,30005,16945,29749,28051,28263,28881,
128838,39822,52405,32223,35030,20551,22161,33427,32682,30019,16903,29686,28109,28247,28874,
128890,39930,52738,32237,35038,20521,22169,33434,32722,30027,16945,29707,28073,28278,28882,
128940,40249,53640,32230,35038,20521,22233,33434,32698,29963,16909,29693,28073,28278,28902,
128991,40277,53842,32252,35085,20528,22162,33428,32652,30040,16959,29778,28073,28293,28889,
129042,40538,54533,32209,35031,20566,22155,33407,32660,29997,16931,29721,28080,28302,28888,
129094,40539,54331,32187,35092,20536,22169,33441,32699,30027,16945,29728,28081,28301,28888,
129145,40778,55350,32180,35099,20573,22169,33435,32698,30012,16895,29693,28073,28331,28882,
129196,40351,54642,32238,35099,20536,22162,33428,32668,29977,16924,29693,28081,28278,28895,
129247,39895,52747,32237,35037,20521,22219,33435,32675,29977,16917,29728,28073,28262,28881,
129298,38672,49919,32295,35017,20551,22183,33428,32691,29964,16952,29721,28073,28285,28895,
129349,36739,44986,32461,35065,20551,22176,33428,32668,29963,16902,29693,28116,28270,28882,
129400,34755,37940,32584,35065,20521,22169,33428,32675,30026,16910,29714,28074,28339,28875,
129451,34299,36976,32628,34990,20506,22176,33435,32683,29991,16931,29714,28145,28293,28895,
129503,33979,36565,32685,34997,20551,22247,33428,32667,30012,16924,29686,28080,28286,28874,
129554,33850,36418,32779,35058,20521,22154,33414,32676,30061,16909,29685,28095,28286,28889,
129605,33879,36712,32909,35031,20528,22147,33428,32676,30061,16938,29693,28073,28293,28896,
129656,33864,36239,33732,35085,20536,22155,33428,32675,29991,16903,29679,28081,28286,28895,
129707,33871,35928,34071,35038,20528,22183,33428,32707,30012,16917,29686,28066,28263,28882,
129758,33820,35493,34302,35038,20558,22162,33435,32660,29991,16938,29728,28073,28286,28889,
129809,33820,34818,34972,35099,20551,22169,33435,32715,30033,16945,29722,28066,28309,28889,
129859,33784,34693,35585,35113,20536,22226,33456,32691,30033,16959,29708,28095,28309,28888,
129910,33792,34926,36076,35079,20536,22204,33463,32668,30019,16952,29728,28066,28255,28875,
129961,33813,34926,35824,35072,20529,22176,33463,32692,29956,16917,29729,28066,28348,28868,
130012,33812,34934,35729,35106,20543,22169,33456,32668,30013,16931,29714,28066,28339,28882,
130063,33813,34919,36329,35113,20514,22183,33449,32668,29977,16924,29721,28124,28278,28910,
130114,33798,34980,37361,35085,20529,22212,33456,32691,29985,16903,29693,28059,28293,28889,
130165,33848,34872,40102,35059,20625,22183,33449,32668,30019,16952,29693,28081,28301,28903,
130216,33885,35089,44114,35181,20596,22197,33435,32667,29963,16938,29693,28110,28278,28889,
130267,33857,35415,47811,35289,20618,22141,33421,32698,29984,16888,29729,28088,28301,28875,
130318,33871,35641,50475,35460,20655,22183,33422,32684,29984,16924,29729,28066,28286,28882,
130369,33886,35710,51954,35609,20625,22155,33435,32722,29999,16938,29687,28095,28309,28896,
130420,33850,35804,52633,35623,20625,22176,33414,32676,30019,16896,29700,28052,28332,28882,
130471,33864,35749,52886,35786,20625,22169,33442,32722,30005,16945,29707,28066,28270,28868,
130523,33850,35610,53131,35888,20611,22190,33442,32676,29999,16910,29764,28102,28301,28882,
130573,33835,35672,52410,35813,20648,22176,33422,32660,29991,16924,29714,28095,28271,28889,
130624,33872,35563,52627,35888,20670,22162,33422,32692,29999,16938,29700,28081,28255,28888,
130675,33842,35648,52438,35860,20663,22148,33435,32683,29991,16931,29686,28095,28393,28882,
130728,33886,35633,52157,35745,20625,22183,33428,32691,30005,16917,29721,28088,28262,28889,
130779,33841,35548,51659,35765,20625,22197,33421,32738,30055,16895,29735,28095,28263,28889,
130830,33828,35486,51918,35929,20610,22169,33422,32668,29991,16931,29764,28073,28270,28889,
130881,33827,35532,51998,35902,20625,22176,33435,32684,29970,16938,29700,28059,28278,28889,
130932,33828,35454,49537,35677,20618,22162,33429,32714,29993,16924,29686,28074,28293,28889,
130983,33798,35074,44665,35249,20610,22176,33435,32714,29984,16910,29707,28081,28339,28889,
131035,33784,34864,36467,35092,20566,22169,33421,32699,30021,16910,29707,28081,28278,28889,
131086,33805,35020,35809,35133,20543,22176,33422,32714,30034,16903,29721,28088,28278,28889,
131137,33777,34934,35809,35283,20499,22169,33429,32706,30026,16888,29700,28110,28294,28875,
131188,33776,34949,35932,35133,20506,22176,33422,32684,29992,16917,29750,28088,28263,28882,
131239,33769,35011,35528,35324,20484,22176,33429,32722,29984,16917,29722,28059,28378,28861,
131291,33784,34941,34554,35711,20461,22176,33436,32699,30021,16959,29679,28102,28271,28889,
131342,33777,34902,33926,35779,20484,22197,33436,32692,30048,16910,29722,28096,28286,28882,
131392,33762,34903,33738,35800,20461,22183,33450,32707,30019,16938,29714,28081,28294,28882,
131444,33755,34919,33514,36018,20446,22183,33429,32684,29978,16924,29693,28074,28378,28875,
131494,33821,34833,33398,35997,20439,22183,33429,32714,30013,16909,29729,28088,28279,28889,
131545,33777,34887,33247,36208,20514,22169,33429,32676,30007,16910,29693,28102,28294,28896,
131596,33806,34850,33218,36466,20551,22183,33429,32684,30027,16959,29757,28074,28271,28882,
131647,33784,34864,33161,37207,20611,22204,33422,32684,29991,16910,29708,28060,28301,28882,
131698,33769,34949,33219,39334,20790,22191,33436,32676,30014,16938,29707,28095,28279,28882,
131749,33784,34887,33637,44936,21036,22233,33429,32676,30020,16931,29707,28088,28286,28875,
131800,33792,34879,33529,46296,21177,22240,33415,32684,29984,16902,29707,28081,28279,28889,
131851,33784,34856,33565,47663,21274,22269,33443,32708,29991,16924,29722,28081,28317,28889,
131902,33777,34880,33399,48798,21483,22233,33450,32684,29971,16888,29700,28074,28294,28889,
131953,33784,34879,33255,49967,21968,22262,33457,32683,29978,16924,29693,28067,28256,28861,
132003,33784,34879,33161,49846,21983,22262,33464,32731,29950,16910,29743,28102,28278,28889,
132054,33814,34871,33205,49994,22005,22247,33443,32653,30057,16960,29735,28074,28302,28882,
132105,33777,34864,33233,49532,21908,22254,33450,32730,29984,16959,29687,28081,28279,28896,
132156,33777,34887,33211,48464,21722,22262,33450,32707,29985,16888,29707,28081,28347,28875,
132209,33805,34880,33313,47689,21453,22254,33450,32684,29991,16903,29715,28073,28286,28889,
132288,33814,34902,33327,47567,21439,22233,33436,32692,29984,16924,29700,28088,28271,28875,
132339,33778,34927,33342,47308,21431,22233,33464,32693,29978,16903,29722,28175,28286,28889,
132391,33777,34864,33276,45697,21200,22233,33450,32677,30006,16952,29701,28074,28332,28889,
132441,33755,34872,33132,41000,20752,22212,33443,32669,29978,16896,29701,28081,28294,28882,
132492,33821,34871,33067,35970,20581,22191,33436,32708,29992,16910,29701,28102,28302,28889,
132543,33755,34863,32974,35935,20499,22176,33415,32715,30014,16973,29750,28074,28378,28889,
132594,33813,34825,33009,35868,20446,22191,33443,32716,30006,16896,29693,28095,28294,28896,
132645,33784,34879,33016,35528,20417,22176,33436,32708,30021,16973,29700,28088,28286,28875,
132696,33763,34856,33075,35215,20573,22176,33464,32684,29957,16938,29743,28124,28287,28896,
132747,33762,34918,33038,35133,20640,22176,33464,32715,30020,16959,29694,28124,28287,28882,
132798,33755,34949,32973,35181,20655,22198,33477,32677,30013,16903,29723,28095,28332,28896,
132848,33784,34933,32908,35242,20626,22191,33471,32692,30021,16924,29715,28066,28309,28889,
132899,33784,34856,32923,35180,20618,22169,33457,32723,30007,16896,29693,28095,28294,28882,
132950,33813,34865,32966,35187,20842,22177,33464,32692,30021,16981,29715,28088,28278,28896,
133001,33762,34879,32922,35154,21036,22169,33457,32692,29971,16903,29694,28103,28309,28889,
133052,33798,34895,32944,35126,21640,22184,33451,32677,29998,16903,29694,28074,28286,28868,
133103,33755,34895,32894,35317,23057,22177,33457,32692,29993,16917,29707,28081,28286,28882,
133154,33792,34902,32893,35419,25213,22169,33464,32700,29971,16917,29729,28095,28286,28882,
133205,33763,34918,32866,35222,30374,22233,33492,32684,30048,16953,29694,28096,28286,28889,
133256,33755,34895,32857,35011,32351,22489,33485,32669,30013,16924,29707,28095,28310,28882,
133307,33777,34918,32858,34984,32620,22596,33485,32692,29979,16952,29701,28067,28271,28882,
133358,33784,34950,32865,34957,32485,22510,33492,32676,29965,16931,29729,28117,28309,28910,
133409,33770,34927,32872,35058,33574,22603,33492,32715,30027,16917,29736,28067,28341,28889,
133459,33805,34965,32843,35106,34186,22717,33492,32653,30013,16924,29736,28096,28309,28882,
133510,33748,34903,32843,35174,34604,22752,33492,32677,29985,16888,29722,28103,28302,28889,
133561,33748,34981,32858,35133,34716,22689,33485,32708,30035,16889,29694,28074,28287,28875,
133612,33733,34934,32844,35133,34246,22731,33492,32685,29978,16924,29687,28095,28317,28889,
133662,33734,34911,32837,35228,34014,22696,33499,32685,29979,16967,29680,28096,28279,28882,
133713,33756,34910,32836,35310,34350,22738,33499,32693,29979,16896,29708,28124,28302,28896,
133764,33763,34934,32822,35269,34581,22760,33499,32692,29986,16903,29701,28088,28310,28889,
133815,33734,34949,32814,35283,34635,22745,33499,32700,29972,16938,29679,28088,28309,28882,
133866,33784,34942,32843,35303,34731,22788,33499,32731,29964,16938,29764,28081,28286,28903,
133917,33733,34926,32851,35256,33432,22731,33479,32708,30013,16931,29694,28095,28333,28875,
133967,33741,34911,32843,35052,30934,22618,33492,32708,30014,16945,29701,28088,28332,28903,
134018,33763,34911,32851,34828,25936,22425,33471,32709,30007,16896,29708,28102,28286,28868,
134069,33784,34927,32901,34937,22967,22426,33471,32692,29965,16938,29701,28103,28356,28889,
134120,33748,34895,32865,35092,21275,22297,33479,32716,30042,16931,29687,28081,28287,28868,
134171,33756,34872,32865,35106,20551,22191,33472,32700,29993,16931,29694,28082,28294,28875,
134222,33785,34903,32851,35113,20469,22184,33471,32709,30000,16917,29723,28103,28309,28889,
134273,33784,34879,32894,35106,20395,22191,33451,32707,29971,16889,29701,28125,28309,28875,
134323,33762,34887,32865,35147,20342,22198,33458,32731,29987,16910,29744,28074,28294,28882,
134374,33763,34965,32865,35140,20559,22212,33464,32700,29985,16945,29693,28139,28302,28868,
134425,33763,34973,32872,35072,20842,22198,33465,32716,30091,16910,29708,28060,28287,28882,
134476,33763,34919,32866,35079,21036,22198,33471,32693,29993,16903,29729,28074,28294,28896,
134527,33756,34903,32837,35073,21096,22177,33465,32731,30000,16917,29730,28096,28287,28889,
134578,33742,34911,32844,35099,21043,22226,33472,32700,30077,16952,29715,28096,28310,28882,
134629,33800,34958,32865,35242,21908,22205,33479,32692,29965,16896,29736,28147,28341,28875,
134680,33748,34981,32865,35344,23087,22191,33472,32693,29985,16945,29722,28096,28302,28882,
134731,33726,34911,32836,35636,25406,22170,33485,32670,29993,16903,29757,28132,28317,28889,
134782,33742,34927,32822,36418,28576,22091,33478,32693,29979,16959,29693,28081,28279,28882,
134833,33749,34957,32735,37968,34239,22042,33500,32732,29986,16874,29729,28096,28379,28882,
134884,33726,34957,32736,37846,35455,22106,33479,32692,29965,16910,29722,28096,28302,28882,
134935,33726,34950,32685,37472,35440,22220,33479,32685,29985,16903,29701,28081,28325,28896,
134985,33734,34972,32764,36901,34559,22262,33472,32693,29979,16903,29701,28139,28310,28882,
135036,33742,34981,32714,36365,32389,22283,33486,32678,29985,16952,29694,28089,28302,28889,
135087,33770,34903,32807,35004,22319,22283,33479,32708,30007,16917,29693,28082,28294,28875,
135138,33785,34950,32865,35195,20797,22319,33444,32700,29978,16924,29701,28081,28387,28882,
135189,33770,34934,32814,35167,20350,22319,33458,32723,29965,16931,29701,28074,28279,28889,
135241,33749,34918,32757,35127,20260,22497,33451,32694,29972,16924,29694,28067,28333,28889,
135292,33741,34880,32793,35154,20118,23136,33451,32692,29993,16889,29708,28067,28303,28875,
135343,33756,34864,32792,35106,20327,23272,33438,32701,30021,16959,29729,28110,28302,28896,
135395,33741,34872,32793,35072,20372,23087,33423,32739,29980,16924,29687,28103,28310,28889,
135445,33749,34911,32757,35085,20402,23364,33417,32677,29971,16903,29708,28081,28318,28897,
135496,33749,34950,32786,35079,20394,23762,33424,32716,29979,16903,29708,28110,28287,28896,
135547,33756,34895,32822,35126,20372,25767,33424,32700,30028,16896,29729,28096,28317,28882,
135598,33799,34973,32800,35106,20477,28440,33417,32709,29958,16917,29765,28132,28333,28875,
135649,33763,34903,32858,35106,20529,31966,33479,32716,29965,16931,29729,28081,28264,28875,
135700,33763,34919,32829,35120,20618,34861,33583,32677,29965,16938,29694,28067,28303,28882,
135751,33749,34934,32858,35086,20693,37136,33721,32708,29973,16896,29701,28074,28303,28896,
135802,33748,34911,32829,35113,20424,40379,34495,32678,30000,16931,29687,28096,28310,28889,
135853,33756,34911,32880,35093,20387,40735,34764,32692,30021,16910,29716,28082,28302,28868,
135904,33748,34887,32816,35106,20275,40430,34923,32670,30000,16938,29744,28067,28295,28876,
135955,33756,34966,32850,35093,20275,39029,34778,32724,29979,16896,29722,28081,28325,28868,
136005,33742,34926,32829,35113,20201,36490,34612,32702,30008,16896,29701,28082,28325,28868,
136056,33792,34950,32836,35085,20327,36155,34488,32701,30029,16910,29708,28132,28356,28889,
136107,33763,34903,32917,35093,20305,35628,34322,32693,30106,16952,29723,28103,28287,28889,
136159,33806,34910,32922,35092,20350,34548,34218,32701,30001,16931,29736,28096,28287,28896,
136210,33734,34903,32829,35099,20350,35294,34363,32717,30070,16924,29729,28081,28387,28882,
136261,33742,34927,32830,35113,20320,35906,34495,32709,29993,16882,29701,28110,28325,28883,
136312,33756,34903,32814,35113,20283,36283,34598,32700,29981,16910,29722,28096,28295,28889,
136362,33749,34895,32800,35086,20260,36255,34647,32701,29993,16903,29702,28103,28295,28882,
136414,33727,34888,32800,35133,20283,36447,34633,32732,30085,16917,29701,28103,28387,28889,
136464,33756,34896,32814,35086,20372,36027,34474,32694,29959,16967,29723,28089,28287,28882,
136515,33792,34903,32815,35099,20409,35523,34336,32701,29986,16931,29715,28096,28279,28882,
136566,33742,34903,32801,35113,20372,33873,34239,32709,29979,16938,29737,28146,28303,28883,
136617,33756,34911,32822,35099,20245,31029,34156,32693,30000,16903,29708,28111,28287,28890,
136668,33785,34887,32800,35066,20298,26841,33790,32694,30015,16910,29772,28074,28371,28897,
136719,33756,34888,32801,35092,20409,23969,33611,32678,29994,16931,29750,28068,28341,28875,
136770,33749,34911,32901,35058,20432,23876,33528,32725,30022,16896,29694,28110,28295,28889,
136821,33756,34919,32765,35045,20491,23649,33528,32686,30008,16924,29701,28146,28294,28889,
136872,33807,34911,32721,35017,20536,23563,33604,32717,29993,16960,29715,28118,28395,28882,
136923,33749,34857,32750,35025,20559,23279,34667,32701,29980,16938,29709,28103,28295,28882,
136974,33756,34857,32735,35025,20536,23180,35219,32694,29965,16946,29702,28089,28372,28890,
137025,33742,34857,32692,35011,20506,23002,36062,32678,29986,16910,29722,28096,28310,28897,
137076,33792,34973,32707,35018,20477,22846,36904,32686,30022,16924,29715,28103,28303,28896,
137127,33728,34881,32764,35085,20454,22703,37173,32677,29959,16974,29722,28089,28318,28882,
137178,33800,34872,32750,35025,20447,22497,38631,32693,29973,16953,29694,28096,28318,28889,
137229,33763,34896,32758,35038,20462,22412,41137,32663,30007,16896,29729,28111,28295,28889,
137279,33741,34872,32736,35018,20447,22398,44721,32685,30052,16910,29687,28103,28303,28883,
137330,33806,34865,32764,35099,20409,22469,48961,32701,29974,16931,29737,28111,28333,28903,
137381,33742,34950,32793,35120,20365,22454,60692,32708,29993,16910,29701,28096,28294,28889,
137432,33814,34919,32800,35066,20365,22398,65061,32693,30016,16931,29701,28111,28310,28882,
137483,33756,34911,32786,35120,20357,22355,67266,32679,30028,16896,29694,28111,28326,28882,
137534,33763,34880,32880,35031,20350,22370,68850,32694,29980,16924,29715,28103,28295,28883,
137585,33785,34903,32836,35065,20350,22377,69810,32701,29966,16896,29730,28089,28302,28911,
137636,33765,34919,32773,35072,20364,22291,72049,32718,30007,16945,29722,28104,28349,28875,
137687,33742,34919,32779,35079,20372,22249,73046,32686,29972,16938,29737,28089,28295,28882,
137738,33799,34888,32779,35052,20424,22192,72374,32694,29965,16931,29708,28082,28295,28882,
137789,33756,34888,32764,35099,20409,22213,72801,32724,29980,16910,29744,28103,28303,28890,
137840,33735,34888,32786,35079,20432,22227,72160,32702,30000,16924,29708,28089,28310,28883,
137891,33742,34911,32764,35080,20417,22213,71344,32701,30113,16952,29716,28067,28318,28875,
137942,33764,34896,32772,35127,20402,22177,71191,32740,30022,16917,29744,28125,28311,28882,
137995,33734,34896,32771,35079,20402,22213,72490,32709,30001,16981,29709,28125,28318,28897,
138045,33793,34911,32786,35086,20365,22156,71855,32686,30030,16889,29723,28103,28326,28883,
138096,33749,34919,32771,35134,20409,22163,70452,32694,30000,16903,29687,28082,28303,28882,
138147,33828,34895,32793,35066,20394,22092,70348,32708,30044,16917,29709,28096,28287,28897,
138198,33756,34950,32779,35059,20424,22064,69879,32686,30001,16967,29701,28154,28310,28889,
138248,33792,34895,32771,35079,20372,22057,69685,32709,30001,16924,29716,28103,28356,28883,
138301,33814,34934,32793,35079,20394,22064,67708,32686,30044,16953,29737,28089,28326,28876,
138361,33763,34919,32771,35045,20380,22050,63895,32678,30022,16882,29744,28104,28303,28889,
138412,33792,34919,32779,35059,20417,22042,57517,32724,30044,16896,29701,28111,28379,28897,
138463,33779,34888,32779,35045,20365,22519,42892,32693,30016,16903,29701,28089,28333,28882,
138515,33742,34911,32787,35038,20402,22632,39701,32694,30043,16910,29701,28089,28295,28890,
138565,33764,34904,32808,35052,20447,22547,37112,32756,30050,16896,29743,28096,28303,28883,
138616,33822,34911,32757,35025,20469,22554,36166,32702,30016,16924,29772,28118,28333,28882,
138667,33764,34895,32772,35031,20424,22498,36090,32670,30016,16903,29695,28111,28303,28882,
138718,33822,34911,32757,35031,20409,22419,36994,32748,30002,16889,29737,28075,28287,28897,
138769,33735,34895,32765,35032,20432,22398,37402,32709,30002,16917,29715,28082,28310,28890,
138820,33771,34919,32779,35058,20402,22355,37478,32679,29994,16903,29723,28147,28303,28890,
138871,33749,34919,32750,35038,20432,22391,37236,32694,30057,16917,29701,28082,28280,28883,
138922,33749,34911,32771,35025,20409,22384,37803,32725,30029,16938,29694,28111,28303,28876,
138973,33771,34928,32751,35072,20387,22384,37810,32686,30037,16875,29737,28111,28372,28897,
139024,33771,34888,32786,35072,20372,22384,37927,32695,29994,16889,29708,28075,28295,28883,
139076,33779,34880,32736,35059,20394,22349,37810,32771,29995,16938,29680,28103,28318,28869,
139126,33771,34927,32757,35086,20402,22356,37955,32709,30001,16889,29722,28111,28356,28869,
139177,33742,34927,32764,35045,20409,22348,38155,32679,29987,16910,29715,28103,28287,28897,
139228,33742,34895,32757,35052,20417,22299,38197,32709,30008,16910,29709,28096,28303,28883,
139279,33814,34857,32772,35093,20432,22341,38100,32701,30009,16953,29708,28089,28303,28897,
139330,33793,34903,32800,35079,20380,22313,37825,32694,29987,16875,29701,28089,28303,28883,
139381,33772,34919,32759,35039,20357,22377,38529,32702,30058,16903,29708,28104,28295,28897,
139432,33844,34896,32757,35025,20379,22341,40152,32709,30002,16924,29736,28118,28349,28876,
139483,33786,34904,32793,35052,20379,22291,43238,32709,30009,16953,29758,28104,28318,28890,
139534,33800,34888,32757,35093,20424,22206,46450,32717,30002,16889,29708,28111,28302,28904,
139585,33816,34927,32743,35099,20395,22121,48757,32702,30022,16882,29680,28118,28395,28876,
139636,33809,34935,32786,35045,20387,22114,50837,32703,30052,16875,29687,28111,28311,28876,
139687,33801,34904,32743,35079,20402,22149,48489,32678,30016,16903,29701,28096,28311,28876,
139738,33780,34912,32808,35079,20380,22221,46044,32717,29994,16917,29695,28103,28311,28904,
139789,33845,34927,32779,35052,20402,22263,44676,32764,30065,16910,29701,28089,28303,28883,
139840,33773,34888,32751,35100,20394,22349,43004,32686,29987,16903,29708,28104,28349,28883,
139891,33780,34912,32772,35093,20402,22412,42507,32687,29974,16932,29751,28096,28318,28890,
139942,33793,34912,32758,35127,20380,22441,42072,32710,29974,16938,29702,28096,28357,28883,
139993,33830,34950,32743,35011,20402,22569,41685,32709,29988,16960,29687,28104,28311,28897,
140044,33794,34911,32787,35073,20409,22732,40214,32748,30002,16995,29723,28082,28310,28869,
140094,33787,34935,32780,35107,20387,23081,38060,32679,29966,16946,29772,28111,28326,28890,
140145,33801,34912,32801,35120,20394,23188,36837,32695,30044,16896,29737,28111,28296,28897,
140196,33823,34966,32816,35086,20387,23415,35933,32748,30009,16875,29772,28111,28326,28876,
140247,33780,35004,32851,35140,20365,23365,35043,32702,29973,16889,29751,28104,28311,28897,
140298,33815,34920,32779,35093,20327,23365,34034,32709,30058,16889,29772,28140,28326,28890,
140349,33867,34950,32837,35134,20954,21624,34144,32740,29995,16889,29680,28096,28311,28876,
140400,33794,34966,32801,35107,21230,21638,34074,32702,29981,16917,29708,28103,28380,28897,
140451,33758,34912,32801,35100,21185,22029,33971,32694,30009,16960,29716,28111,28349,28890,
140501,33822,34896,32758,35046,20782,22206,33915,32718,30001,16882,29687,28118,28341,28890,
140552,33773,34958,32787,35161,20969,22213,33888,32671,29987,16889,29723,28089,28334,28890,
140603,33817,34958,32830,35162,21051,22405,33888,32741,29995,16924,29723,28097,28333,28904,
140653,33853,34982,32830,35147,20618,22782,33840,32765,30001,16889,29730,28096,28357,28890,
140704,33802,35005,32808,35100,20290,24304,33778,32694,30029,16889,29695,28104,28303,28889,
140755,33809,34912,32844,35093,20394,23934,33785,32694,30009,16939,29730,28111,28296,28890,
140806,33815,34981,32787,35073,21588,22136,33750,32710,29981,16896,29716,28111,28327,28883,
140857,33846,34927,32751,35032,21484,22299,33709,32710,30001,16981,29772,28125,28311,28890,
140908,33832,34912,32722,35215,21103,22256,33709,32741,30003,16953,29737,28096,28326,28911,
140958,33773,34920,32765,35121,21245,22228,33695,32687,30002,16910,29723,28126,28288,28883,
141009,33817,34981,32779,35175,20440,22775,33716,32687,29981,16932,29709,28118,28303,28897,
141060,33787,34944,32758,35100,20372,24041,33674,32702,30029,16946,29730,28111,28311,28876,
141111,33824,34881,32801,35046,20432,24517,33689,32733,30010,16938,29724,28111,28303,28890,
141162,33802,34951,32779,35106,20402,24617,33716,32702,30065,16896,29737,28126,28311,28904,
141213,33859,34935,32837,35168,21655,21738,33695,32687,29974,16903,29687,28111,28349,28897,
141264,33773,34935,32773,35066,21513,22206,33612,32718,29988,16953,29744,28104,28303,28897,
141314,33809,34950,32744,35039,20880,22199,33612,32726,29973,16931,29709,28118,28318,28904,
141365,33817,34927,32773,35120,20566,22171,33619,32710,29996,16896,29709,28089,28295,28883,
141416,33774,34897,32780,35073,20492,22164,33605,32717,29980,16953,29730,28140,28303,28883,
141467,33772,34959,32794,35114,20641,22213,33640,32741,29995,16903,29702,28168,28288,28890,
141518,33817,34951,32816,35141,20715,22469,33654,32695,29981,16882,29766,28089,28311,28890,
141569,33817,34920,32881,35127,20954,22541,33696,32718,30051,16896,29701,28075,28318,28897,
141620,33787,34928,32830,35154,21416,22633,33689,32718,30023,16910,29716,28097,28303,28890,
141671,33860,34920,32837,35148,21961,22961,33696,32695,30038,16946,29723,28111,28311,28890,
141722,33751,34989,32895,35134,22923,23892,33702,32702,30002,16932,29773,28119,28319,28890,
141773,33780,34982,32866,35080,23214,24603,33696,32717,29967,16896,29758,28097,28303,28897,
141824,33773,34967,32888,35127,23162,25534,33689,32710,30002,16925,29716,28132,28342,28890,
141875,33765,34943,32859,35100,22505,25556,33661,32702,30017,16882,29709,28111,28333,28897,
141926,33743,34951,32845,35067,20887,21681,33654,32687,29974,16953,29737,28090,28395,28883,
141977,33736,34935,32765,35059,20492,22128,33606,32710,30059,16960,29723,28111,28349,28904,
142028,33758,34974,32888,35127,20812,24148,33641,32718,30023,16953,29695,28118,28303,28883,
142079,33772,34966,32902,35134,21185,26146,33710,32718,30009,16917,29695,28104,28304,28890,
142130,33766,34958,32830,35100,20469,23537,33599,32687,29995,16889,29701,28118,28318,28890,
142181,33751,34927,32758,35052,20410,22015,33586,32718,30002,16917,29716,28125,28304,28890,
142233,33787,34936,32802,35065,20410,22235,33599,32702,30058,16924,29702,28111,28380,28904,
142283,33780,34966,32838,35168,20872,22911,33626,32702,30002,16903,29723,28118,28319,28890,
142335,33751,34936,32824,35100,20731,22662,33620,32749,29988,16924,29716,28097,28326,28890,
142386,33759,34997,32751,35127,20424,22192,33571,32687,30009,16910,29737,28097,28380,28890,
142436,33795,34912,32794,35114,20454,22242,33585,32740,30002,16910,29695,28082,28349,28876,
142487,33744,34920,32802,35053,20424,22185,33578,32702,29995,16917,29759,28111,28326,28897,
142538,33896,34990,32758,35086,20454,22235,33592,32718,30009,16910,29737,28111,28326,28890,
142588,34107,34975,32780,35080,20417,22185,33550,32741,30002,16953,29709,28133,28396,28904,
142640,33875,34912,32773,35052,20432,22228,33585,32756,30002,16932,29766,28133,28319,28904,
142690,33715,34920,32824,35066,20439,22221,33571,32687,29995,16924,29716,28176,28318,28904,
142741,33701,34912,32773,35052,20417,22249,33557,32710,30016,16910,29730,28111,28373,28883,
142792,33759,34936,33517,35141,20409,22199,33558,32695,30010,16910,29723,28097,28342,28897,
142844,33795,34897,32853,35093,20402,22242,33558,32718,29988,16953,29737,28118,28311,28876,
142894,33795,34897,32780,35073,20424,22192,33558,32718,30016,16932,29730,28111,28327,28890,
142945,33774,34905,32816,35067,20439,22192,33558,32695,29981,16960,29709,28104,28373,28890,
142996,33810,34920,32773,35114,20462,22825,33558,32718,29996,16917,29737,28133,28303,28897,
143046,33767,35036,32881,35182,20857,23736,33551,32695,29981,16911,29709,28111,28357,28897,
143097,33795,34982,32860,35127,20723,23374,33538,32718,29997,16939,29709,28132,28334,28897,
143148,33787,34974,32831,35080,20469,22548,33558,32695,29981,16896,29724,28104,28373,28883,
143198,33795,34912,32795,35053,20380,22158,33537,32718,29989,16882,29709,28104,28318,28883,
143249,33760,34928,32788,35066,20402,22214,33516,32710,29974,16903,29752,28111,28334,28883,
143300,33773,34951,32867,35127,20954,22975,33592,32688,29995,16896,29702,28104,28304,28876,
143351,33723,34982,32845,35134,21118,23238,33558,32694,30073,16896,29752,28104,28418,28897,
143402,33752,34974,32838,35169,21036,23060,33572,32756,29995,16925,29688,28090,28334,28911,
143453,33766,34974,32867,35182,21051,23117,33579,32726,29988,16932,29709,28140,28296,28883,
143504,33781,34982,32888,35121,20798,22641,33565,32695,30002,16932,29737,28111,28311,28890,
143555,33759,34974,32802,35107,20417,22129,33530,32703,29974,16917,29731,28111,28311,28897,
143606,33722,34974,32816,35066,20156,22186,33523,32718,29989,16889,29702,28169,28349,28897,
143657,33737,34974,32766,35039,20410,22199,33489,32687,30122,16903,29680,28119,28318,28890,
143708,33788,34935,32773,35074,20395,22676,33544,32718,29996,16903,29758,28112,28311,28890,
143760,33759,34975,32845,35114,20559,23323,33559,32702,29990,16946,29694,28104,28327,28890,
143811,33730,34974,32817,35107,20618,23302,33531,32710,30017,16917,29723,28198,28319,28897,
143862,33789,34975,32831,35114,20641,23253,33497,32734,29982,16946,29723,28118,28380,28890,
143913,33810,34959,32888,35114,20656,23139,33469,32718,30086,16896,29695,28140,28311,28883,
143964,33796,34951,32867,35182,20634,23075,33427,32695,29989,16889,29723,28133,28350,28897,
144015,33731,34990,32830,35127,20626,23110,33386,32680,30051,16903,29709,28112,28311,28897,
144066,33760,34998,32846,35114,20626,23082,33331,32757,29975,16903,29723,28111,28327,28890,
144118,33788,34982,32838,35148,20589,22947,33386,32688,29989,16917,29716,28118,28295,28918,
144169,33796,34944,32874,35189,20544,22627,33441,32704,30004,16939,29701,28126,28334,28890,
144220,33738,34944,32795,35080,20469,22129,33510,32695,29981,16932,29702,28111,28311,28890,
144271,33753,35006,32817,35107,20552,22051,33524,32719,29997,16903,29717,28125,28350,28876,
144322,33774,34928,32816,35135,20492,22023,33517,32711,30010,16939,29681,28126,28342,28876,
144377,33760,34990,32787,35101,20544,22122,33496,32711,30031,16896,29730,28118,28319,28876,
144428,33797,34959,32831,35060,20499,22186,33496,32695,29995,16946,29752,28111,28411,28890,
144479,33789,34975,32780,35100,20417,22250,33496,32703,29988,16911,29709,28147,28311,28904,
144530,33789,34936,32781,35107,20365,22215,33489,32687,29975,16925,29716,28133,28350,28890,
144581,33840,34967,32759,35142,20328,22229,33496,32673,29981,16960,29688,28148,28326,28890,
144632,33847,34936,32802,35114,20440,22364,33503,32742,30059,16903,29752,28133,28311,28890,
144683,33768,34952,32831,35141,20440,22342,33510,32680,30010,16939,29702,28126,28343,28883,
144734,33782,34929,32896,35101,20552,22300,33503,32772,30038,16946,29716,28126,28304,28897,
144784,33738,34976,32867,35094,20567,22300,33503,32703,29995,16896,29709,28169,28319,28897,
144835,33782,34982,32816,35101,20753,22285,33510,32718,30045,16946,29688,28111,28327,28890,
144886,33789,34990,32853,35155,20828,22321,33503,32704,30003,16932,29688,28126,28372,28883,
144937,33883,34951,32889,35114,20835,22371,33504,32710,30101,16896,29702,28111,28411,28897,
144988,33782,34960,32874,35203,20813,22328,33490,32711,30003,16903,29723,28112,28335,28897,
145039,33745,34944,32867,35162,20805,22286,33503,32696,29989,16896,29731,28112,28319,28876,
145090,33753,34998,32875,35141,20701,22222,33503,32703,29989,16917,29695,28133,28334,28883,
145141,33746,34960,32881,35128,20671,22215,33496,32695,30017,16917,29716,28111,28327,28904,
145193,33738,34982,32860,35182,20880,22385,33503,32718,30038,16953,29716,28140,28411,28890,
145244,33861,34998,32910,35142,20917,22485,33496,32772,30003,16896,29724,28118,28312,28890,
145295,33790,34975,32889,35298,21752,22933,33490,32711,30003,16896,29695,28104,28396,28904,
145346,33876,35029,32947,35298,22498,23409,33503,32680,30023,16946,29716,28119,28388,28890,
145397,33782,34998,32918,35366,23558,24703,33455,32765,30046,16925,29723,28126,28319,28876,
145447,33796,35037,32897,35373,24453,26303,33469,32688,29996,16889,29738,28148,28319,28883,
145498,33730,35068,32889,35291,25721,28807,33670,32695,30031,16932,29737,28097,28304,28883,
145549,33746,35022,32896,35291,26362,29760,33821,32688,30031,16903,29759,28119,28380,28904,
145600,33752,34991,32925,35271,27056,30834,33939,32712,29997,16882,29695,28147,28327,28897,
145651,33716,35022,32882,35189,27899,32384,34029,32680,30010,16910,29716,28118,28311,28890,
145702,33731,35022,32911,35101,28235,32846,34139,32703,29989,16896,29766,28126,28334,28897,
145753,33774,34998,32925,35080,28750,33779,34263,32711,29989,16946,29745,28119,28304,28904,
145804,33775,34999,32903,35108,28757,33615,34311,32719,29996,16903,29780,28119,28311,28876,
145855,33760,34990,32896,35162,29033,33878,34332,32680,29989,16932,29730,28097,28311,28883,
145906,33746,35006,32889,35176,29384,34290,34332,32719,30059,16911,29717,28177,28304,28883,
145957,33745,35013,32867,35142,30018,34974,34339,32703,30088,16896,29695,28111,28334,28890,
146008,33745,35053,32882,35135,30272,35279,34387,32718,29975,16932,29702,28162,28319,28883,
146060,33745,34998,32911,35141,30450,35407,34353,32695,30009,16896,29731,28162,28319,28890,
146111,33724,34999,32896,35169,30182,35065,34332,32688,30003,16882,29787,28162,28304,28890,
146162,33768,35006,32867,35168,29354,34064,34277,32742,30017,16882,29702,28126,28311,28897,
146213,33738,34990,32903,35162,23961,27492,33628,32734,29989,16882,29745,28111,28334,28883,
146263,33730,34990,32861,35224,22394,24697,33580,32688,29996,16889,29724,28148,28389,28897,
146314,33752,35014,32890,35291,21298,22862,33593,32742,29990,16946,29751,28112,28311,28897,
146365,33790,35014,32932,35230,20641,22172,33559,32688,29982,16903,29738,28155,28327,28876,
146416,33783,35045,32867,35224,20522,22342,33538,32703,29997,16903,29716,28133,28342,28883,
146467,33774,35045,32860,35114,20641,22371,33531,32703,30038,16889,29738,28177,28342,28883,
146518,33783,35006,32861,35169,20708,22335,33510,32741,29989,16932,29751,28118,28412,28904,
146569,33805,34983,32854,35155,20731,22314,33503,32749,30010,16939,29744,28133,28350,28890,
146620,33738,35022,32947,35108,21223,22236,33524,32757,29989,16917,29717,28176,28335,28897,
146671,33775,34975,32888,35162,24520,22321,33524,32704,29982,16932,29773,28133,28334,28904,
146721,33768,35022,32940,35305,27004,22798,33531,32696,30003,16896,29773,28148,28319,28876,
146773,33739,35014,32911,35325,28966,23260,33496,32719,29982,16939,29710,28141,28411,28883,
146824,33731,35107,32904,35536,31056,23964,33504,32727,29996,16939,29738,28104,28373,28890,
146875,33717,34998,32882,35604,32406,24945,33504,32711,29954,16918,29759,28155,28342,28883,
146926,33724,35060,32911,35659,32033,24184,33497,32711,29989,16939,29709,28112,28327,28897,
146977,33753,35014,32897,35652,28952,23274,33503,32734,29982,16974,29716,28155,28342,28890,
147028,33775,35022,32882,35434,25580,22478,33503,32703,29989,16896,29766,28148,28319,28890,
147079,33754,35022,32904,35407,22991,21994,33510,32703,29961,16960,29738,28112,28319,28890,
147129,33753,34990,32918,35217,20746,22094,33490,32703,29996,16889,29709,28148,28335,28890,
147180,33739,34990,32846,35196,20507,22179,33483,32712,30074,16917,29724,28155,28373,28869,
147231,33739,35014,32817,35135,20499,22158,33497,32719,29969,16911,29717,28162,28388,28890,
147282,33754,34999,32846,35108,20656,22200,33490,32719,30096,16953,29766,28119,28419,28897,
147333,33826,35014,32875,35162,20738,22179,33490,32703,29997,16932,29702,28119,28365,28883,
147384,33768,34983,32875,35135,21253,22215,33503,32742,30025,16903,29716,28104,28388,28904,
147435,33769,35046,32846,35176,21395,22208,33496,32703,29997,16939,29695,28105,28350,28862,
147486,33782,35053,32832,35162,21663,22243,33496,32697,30010,16925,29709,28105,28335,28890,
147537,33782,35006,32875,35175,21894,22236,33476,32704,29997,16903,29752,28112,28342,28904,
147588,33775,35053,32875,35169,22156,22222,33476,32727,30024,16917,29759,28126,28327,28890,
147639,33731,35014,32882,35149,22051,22172,33476,32681,29975,16932,29695,28126,28312,28890,
147689,33754,34960,32882,35162,21708,22186,33462,32726,30032,16889,29717,28141,28327,28883,
147740,33805,35022,32876,35156,21462,22222,33483,32719,30003,16911,29745,28148,28343,28890,
147791,33748,34983,32861,35122,21201,22236,33476,32781,30040,16903,29767,28119,28327,28897,
147842,33761,35006,32868,35163,21126,22236,33497,32696,29975,16889,29737,28141,28335,28883,
147894,33762,34984,32854,35149,21134,22215,33483,32727,30011,16960,29759,28112,28319,28890,
147946,33761,34983,32883,35169,21126,22236,33476,32697,30032,16918,29731,28155,28319,28890,
147997,33797,34998,32847,35163,21081,22215,33455,32719,29982,16910,29759,28147,28327,28890,
148048,33812,34999,32890,35135,21022,22208,33483,32711,30011,16903,29724,28213,28335,28883,
148099,33746,34999,32889,35169,21044,22208,33497,32727,30011,16925,29724,28141,28335,28898,
148150,33740,34999,32882,35128,21022,22151,33469,32704,29998,16946,29717,28148,28335,28897,
148201,33790,35045,32868,35108,20977,22165,33469,32735,29975,16896,29752,28112,28335,28890,
148252,33783,35022,32839,35108,20835,22193,33476,32704,30011,16896,29710,28119,28350,28890,
148303,33747,34992,32868,35142,20888,22158,33483,32696,30004,16889,29717,28155,28327,28897,
148354,33805,35007,32860,35163,21074,22165,33462,32766,29990,16896,29710,28097,28327,28890,
148404,33791,35008,32860,35183,21111,22179,33476,32742,29989,16896,29709,28119,28327,28883,
148455,33754,35007,32854,35142,21216,22165,33483,32696,29975,16917,29737,28119,28327,28897,
148507,33776,34991,32890,35128,21208,22137,33463,32734,29989,16896,29766,28127,28343,28897,
148558,33804,34999,32846,35216,21231,22130,33476,32703,30073,16925,29716,28184,28335,28883,
148609,33753,35092,32882,35142,21283,22137,33469,32704,29975,16903,29703,28119,28358,28883,
148660,33776,35015,32876,35135,21223,22151,33476,32735,29997,16960,29731,28133,28335,28876,
148711,33798,34999,32868,35183,21216,22144,33476,32696,30010,16903,29759,28119,28335,28897,
148763,33798,35000,32875,35169,21171,22194,33483,32758,30025,16946,29710,28134,28327,28883,
148814,33798,35030,32904,35190,21178,22208,33469,32688,30003,16903,29717,28169,28335,28890,
148865,33784,35030,32860,35197,21231,22194,33462,32704,29998,16939,29716,28126,28342,28904,
148916,33769,35008,32839,35230,21193,22215,33462,32712,29982,16939,29738,28126,28327,28897,
148967,33805,35030,32876,35196,21179,22179,33477,32712,30004,16939,29716,28112,28319,28883,
149018,33747,34999,32847,35189,21179,22179,33462,32719,29969,16896,29716,28126,28381,28890,
149069,33754,35000,32847,35183,21111,22151,33476,32697,29989,16903,29696,28177,28450,28883,
149120,33762,35054,32904,35196,21067,22158,33476,32689,29997,16896,29753,28177,28312,28876,
149171,33784,35077,32882,35142,20962,22180,33463,32696,30010,16896,29730,28133,28335,28890,
149222,33776,35062,32861,35183,20828,22172,33462,32727,30004,16939,29723,28126,28435,28918,
149273,33770,35023,32868,35176,20806,22172,33477,32704,30012,16946,29695,28148,28342,28897,
149324,33813,35054,32869,35122,20843,22151,33469,32750,30011,16904,29731,28126,28358,28869,
149375,33748,34999,32832,35128,20798,22158,33463,32711,30032,16904,29780,28133,28343,28890,
149427,33798,34992,32861,35183,20783,22158,33463,32719,30074,16939,29717,28148,28335,28891,
149478,33755,35053,32875,35156,20746,22179,33456,32727,29997,16932,29773,28134,28335,28897,
149529,33776,34992,32883,35142,20761,22158,33477,32712,30005,16925,29731,28126,28327,28876,
149580,33769,35031,32846,35190,20731,22151,33470,32743,30032,16896,29695,28119,28397,28904,
149631,33778,35038,32875,35162,20746,22172,33490,32711,29990,16967,29695,28134,28358,28904,
149682,33762,34992,32876,35135,20723,22180,33477,32689,29976,16896,29738,28148,28404,28883,
149733,33799,35015,32854,35135,20746,22144,33449,32743,30025,16932,29745,28141,28312,28890,
149784,33770,35023,32883,35156,20791,22173,33456,32727,30033,16925,29745,28148,28312,28897,
149835,33791,35015,32854,35135,20828,22130,33477,32712,30082,16882,29717,28119,28343,28890,
149886,33755,35023,32876,35129,20858,22144,33470,32751,30039,16939,29703,28119,28343,28890,
149937,33784,34984,32897,35196,20888,22087,33463,32703,30026,16967,29731,28141,28373,28897,
149988,33740,35030,32898,35128,20835,22087,33463,32704,30004,16882,29759,28127,28358,28890,
150039,33784,35015,32861,35115,20783,22151,33456,32712,29976,16896,29710,28126,28358,28876,
150090,33748,34992,32876,35210,20724,22158,33456,32727,30039,16911,29717,28126,28335,28883,
150141,33784,35007,32876,35135,20761,22087,33456,32720,29983,16911,29723,28126,28397,28877,
150192,33748,35085,32861,35142,20828,22066,33470,32720,29982,16889,29710,28133,28312,28890,
150243,33783,34992,32890,35129,20709,22087,33456,32736,30018,16996,29795,28148,28320,28890,
150294,33748,35038,32876,35142,20694,22116,33456,32712,29997,16946,29738,28119,28327,28904,
150345,33813,34992,32869,35210,20731,22158,33470,32696,29990,16953,29703,28126,28381,28883,
150421,33776,35000,32876,35129,20739,22137,33456,32712,29991,16932,29731,28148,28312,28876,
150472,33856,35031,32847,35176,20746,22158,33456,32758,30018,16981,29724,28126,28304,28883,
150524,33770,35031,32855,35149,20970,22237,33484,32728,30025,16918,29703,28119,28335,28891,
150575,33806,35046,32847,35176,21000,22166,33463,32689,30061,16903,29738,28191,28343,28890,
150627,33798,35102,32839,35190,21111,22215,33456,32689,29982,16896,29717,28112,28343,28904,
150678,33747,35023,32876,35176,21201,22251,33463,32696,30060,16896,29752,28126,28319,28897,
150729,33799,35039,32876,35210,21268,22187,33463,32704,29990,16889,29710,28119,28343,28897,
150779,33784,35031,32876,35224,21440,22180,33449,32681,29997,16932,29724,28105,28327,28876,
150831,33755,35062,32825,35204,21537,22201,33442,32705,29997,16904,29724,28134,28335,28890,
150881,33763,35023,32840,35203,21574,22194,33463,32727,30004,16946,29724,28141,28312,28890,
150933,33784,35015,32854,35176,21738,22151,33449,32712,30004,16925,29731,28112,28335,28890,
150983,33799,35031,32891,35176,21805,22144,33449,32704,29983,16882,29731,28155,28335,28890,
151034,33799,35016,32854,35196,21895,22194,33449,32720,30075,16918,29724,28126,28327,28897,
151085,33806,35015,32862,35217,22007,22180,33449,32689,30032,16932,29710,28126,28350,28898,
151136,33791,35023,32883,35197,22066,22173,33470,32719,29997,16925,29738,28112,28343,28890,
151187,33741,35039,32833,35211,21947,22158,33470,32712,30011,16896,29710,28162,28328,28897,
151237,33800,35069,32855,35197,21955,22180,33457,32727,30082,16932,29767,28141,28350,28890,
151288,33763,35000,32862,35183,21835,22166,33457,32697,30039,16960,29752,28155,28328,28897,
151339,33762,35039,32862,35163,21835,22201,33449,32727,29991,16904,29774,28155,28350,28883,
151390,33799,35000,32884,35190,21895,22201,33457,32728,29983,16911,29703,28170,28365,28890,
151441,33770,35016,32912,35197,21970,22173,33457,32712,29990,16960,29759,28112,28351,28904,
151492,33762,35031,32855,35237,22126,22208,33449,32719,29992,16896,29731,28134,28358,28897,
151543,33806,35047,32840,35203,22708,22159,33450,32712,29997,16904,29774,28127,28350,28890,
151594,33756,35055,32862,35190,22984,22194,33470,32720,30019,16932,29717,28134,28335,28897,
151645,33763,35047,32855,35183,23088,22173,33464,32696,30053,16946,29724,28141,28358,28897,
151696,33821,35039,32905,35197,22880,22209,33463,32712,29969,16889,29731,28119,28358,28897,
151747,33764,35062,32870,35156,22894,22187,33457,32720,30025,16882,29696,28127,28328,28911,
151798,33792,35063,32884,35190,22895,22123,33477,32750,29983,16946,29738,28119,28335,28876,
151849,33770,35062,32862,35190,22939,22102,33471,32697,30005,16889,29710,28184,28374,28890,
151900,33784,35048,32884,35197,22880,22130,33463,32719,29990,16946,29745,28149,28366,28890,
151951,33741,35031,32920,35197,23156,22144,33477,32689,30047,16918,29731,28192,28358,28897,
152002,33784,35032,32898,35183,23066,22095,33470,32704,30082,16903,29716,28127,28335,28890,
152052,33755,35039,32876,35190,23021,22059,33477,32712,29990,16903,29703,28148,28427,28869,
152103,33777,35032,32883,35156,22932,22073,33498,32766,30034,16890,29759,28126,28320,28890,
152154,33778,35031,32870,35149,23066,22081,33477,32705,29984,16925,29753,28119,28405,28883,
152205,33742,35086,32876,35204,23185,22095,33470,32751,30033,16939,29732,28134,28373,28897,
152256,33813,35078,32927,35149,23596,22180,33470,32727,30011,16932,29752,28105,28382,28890,
152307,33806,35032,32876,35136,24051,22230,33491,32712,30061,16896,29739,28127,28366,28884,
152358,33763,35032,32927,35095,25707,22237,33478,32696,30012,16896,29689,28141,28366,28883,
152408,33770,35055,32891,35061,26654,22514,33484,32712,29998,16932,29759,28134,28335,28904,
152459,33814,35032,32912,35062,28900,22877,33471,32704,29976,16896,29752,28141,28405,28883,
152510,33763,34992,32891,34979,32027,23048,33478,32727,29963,16896,29759,28126,28382,28883,
152561,33748,35078,32913,34748,40676,24385,33450,32720,29990,16896,29759,28141,28351,28890,
152612,33785,35047,33014,34633,45401,25089,33443,32720,30019,16932,29717,28148,28358,28883,
152662,33778,35031,32912,34477,48813,25203,33443,32696,29998,16897,29732,28141,28382,28883,
152713,33792,35038,32883,34470,51412,25146,33457,32712,30019,16911,29724,28127,28343,28897,
152764,33778,35054,32869,34449,54040,25060,33457,32719,30006,16953,29724,28141,28320,28869,
152815,33770,35125,32855,34484,55900,24761,33471,32720,30011,16897,29716,28127,28374,28897,
152866,33741,35101,32847,34463,55005,25096,33464,32765,30004,16953,29766,28134,28351,28897,
152918,33741,35062,32906,34436,55093,25167,33457,32704,30011,16903,29739,28191,28358,28904,
152969,33756,35070,32870,34429,54466,25174,33450,32697,30005,16918,29717,28213,28343,28897,
153020,33764,35063,32927,34381,53915,25260,33443,32697,30018,16939,29717,28127,28327,28890,
153071,33770,35039,32854,34341,54758,25331,33464,32711,29983,16939,29753,28120,28327,28897,
153122,33777,35062,32848,34354,53622,25452,33436,32704,29985,16889,29724,28120,28335,28904,
153173,33822,35085,32877,34347,53122,25636,33450,32720,30013,16932,29759,28141,28343,28897,
153224,33770,35047,32905,34341,52353,25601,33443,32744,30005,16953,29738,28148,28389,28890,
153275,33785,35093,32876,34429,50135,25566,33478,32727,30041,16946,29696,28126,28397,28904,
153326,33756,35086,32870,34388,47858,25039,33457,32704,29955,16939,29696,28119,28382,28897,
153377,33784,35047,32920,34504,41567,23937,33464,32689,30076,16939,29717,28119,28366,28897,
153428,33785,35055,32898,34715,32961,22600,33485,32712,29976,16896,29738,28126,28366,28890,
153478,33770,35032,32891,35034,23902,21981,33450,32804,29998,16953,29724,28148,28351,28883,
153529,33755,35070,32891,35088,22074,22031,33457,32696,30012,16918,29717,28141,28343,28897,
153580,33756,35047,32927,35143,21134,22074,33450,32297,30061,16946,29710,28148,28389,28890,
153631,33793,35047,32898,35122,20791,22088,33443,32712,29998,16953,29724,28127,28359,28890,
153682,33786,35047,32928,35156,20538,22110,33443,32704,30004,16897,29731,28134,28343,28876,
153733,33785,35063,32855,35143,20590,22102,33457,32712,29969,16911,29766,28134,28351,28876,
153784,33749,35047,32870,35157,20664,22102,33443,32735,30006,16911,29731,28148,28328,28883,
153835,33749,35070,32912,35177,20739,22124,33450,32711,29998,16889,29717,28141,28358,28904,
153886,33778,35056,32862,35163,20754,22166,33450,32697,30011,16904,29710,28119,28450,28890,
153937,33872,35024,32877,35197,20560,22173,33457,32750,30005,16904,29717,28192,28335,28890,
153988,33807,35079,32826,35170,20448,22301,33457,32774,30004,16889,29738,28127,28343,28897,
154039,33808,35024,32833,35129,20314,22337,33457,32705,30018,16896,29710,28127,28351,28897,
154089,33800,35087,32805,35129,20314,22493,33437,32713,30033,16911,29738,28148,28335,28883,
154141,33757,35008,32826,35143,20142,23261,33430,32720,30005,16882,29695,28134,28382,28890,
154192,33763,35032,32849,35054,20284,23766,33402,32713,30011,16918,29717,28206,28343,28904,
154243,33779,35017,32797,35062,20299,23987,33492,32736,29970,16896,29753,28119,28343,28890,
154294,33786,35001,32812,35170,20284,25488,33665,32729,30012,16925,29717,28170,28389,28890,
154346,33808,35048,32884,35136,20522,34081,35095,32712,30006,16875,29717,28156,28351,28890,
154397,33808,35086,32907,35149,20642,36906,35799,32759,29984,16911,29759,28134,28351,28890,
154447,33800,35040,32884,35142,20664,36694,35813,32697,29977,16904,29731,28141,28412,28876,
154498,33750,35071,32898,35143,20567,33911,35254,32774,29970,16918,29718,28141,28389,28897,
154549,33765,35001,32892,35109,20373,26549,33928,32697,29998,16939,29745,28206,28358,28883,
154601,33786,35032,32906,35150,20366,24371,33534,32697,30005,16904,29739,28134,28389,28890,
154652,33756,35063,32877,35163,20388,23340,33534,32773,30006,16946,29753,28156,28374,28890,
154703,33772,35047,32892,35150,20373,22942,33548,32728,30040,16975,29795,28134,28335,28897,
154754,33764,35048,32848,35088,20343,22956,33534,32743,30005,16889,29724,28156,28381,28876,
154804,33814,35056,32827,35082,20321,22935,33555,32720,30012,16967,29760,28134,28351,28883,
154855,33794,35056,32826,35074,20314,22878,33568,32737,29991,16939,29774,28149,28351,28890,
154907,33808,35048,32848,35143,20329,23070,33610,32751,29992,16882,29724,28141,28351,28890,
154958,33815,35048,32869,35088,20284,22529,33507,32705,30012,16967,29738,28127,28343,28883,
155009,33786,35025,32827,35102,20299,22288,33451,32705,29990,16882,29710,28148,28335,28890,
155060,33808,35063,32827,35136,20321,22230,33444,32720,30012,16897,29739,28141,28328,28883,
155110,33779,35032,32863,35054,20314,22273,33464,32689,30034,16932,29710,28148,28351,28897,
155161,33793,35017,32812,35054,20321,22273,33444,32735,30097,16932,29739,28141,28343,28890,
155212,33808,35033,32820,35068,20321,22259,33429,32804,29969,16889,29717,28141,28350,28905,
155263,33771,35055,32877,35075,20306,22216,33437,32720,29991,16960,29732,28141,28350,28890,
155314,33808,35032,32819,35116,20306,22216,33437,32697,30026,16904,29760,28148,28396,28890,
155365,33823,35001,32834,35082,20313,22259,33444,32727,29970,16896,29732,28120,28366,28883,
155416,33822,35002,32841,35143,20321,22251,33430,32696,29977,16960,29738,28134,28413,28890,
155467,33765,35032,32819,35102,20336,22216,33423,32720,29991,16925,29725,28155,28343,28876,
155518,33800,35032,32819,35068,20321,22259,33430,32712,29999,16932,29724,28148,28336,28883,
155569,33787,34986,32863,35102,20321,22273,33423,32705,30026,16932,29724,28134,28382,28883,
155620,33772,35033,32863,35088,20314,22237,33430,32766,29991,16889,29731,28141,28336,28883,
155671,33801,35001,32819,35123,20306,22237,33416,32705,30026,16897,29688,28184,28581,28905,
155722,33822,35048,32827,35041,20336,22209,33423,32736,29977,16897,29696,28192,28466,28968,
155773,33779,35040,32856,35095,20314,22230,33416,32712,29985,16911,29725,28163,28344,28961,
155824,33800,35048,32820,35068,20336,22216,33423,32705,30027,16897,29746,28163,28336,28940,
155875,33764,35056,32841,35095,20306,22238,33409,32735,29998,16882,29724,28156,28421,29073,
155926,33793,35047,32827,35116,20321,22238,33423,32736,29956,16897,29703,28185,28444,29088,
155978,33800,35048,32863,35055,20336,22216,33402,32698,29985,16932,29718,28170,28451,28933,
156028,33822,35040,32820,35136,20336,22224,33430,32751,29970,16918,29718,28149,28413,28876,
156079,33801,35094,32805,35088,20336,22195,33402,32712,30027,16897,29703,28235,28482,28828,
156130,33807,35040,32827,35088,20321,22238,33423,32713,30056,16896,29675,28250,28651,29207,
156180,33822,35063,32820,35068,20321,22223,33416,32720,30034,16889,29724,28242,28582,29341,
156231,33837,35048,32812,35068,20336,22216,33430,32697,29978,16875,29703,28271,28597,29376,
156282,33838,35102,32885,35068,20336,22245,33423,32713,30048,16911,29696,28307,28689,29200,
156333,33801,35025,32856,35150,20344,22202,33416,32713,29992,16911,29703,28249,28505,28807,
156395,33786,35063,32870,35088,20329,22195,33409,32735,30027,16939,29731,28148,28312,28891,
156452,33765,35056,32827,35075,20321,22209,33430,32736,29977,16882,29724,28170,28335,28876,
156503,33773,35040,32842,35075,20314,22230,33416,32697,29992,16890,29710,28134,28313,28883,
156554,33787,35017,32834,35095,20329,22245,33403,32751,29998,16897,29731,28141,28320,28904,
156605,33816,35010,32848,35115,20336,22209,33423,32713,30012,16897,29731,28171,28328,28883,
156655,33787,35033,32849,35082,20351,22202,33430,32697,29998,16889,29746,28141,28366,28883,
156706,33794,35056,32834,35102,20336,22202,33416,32282,29999,16911,29717,28134,28366,28876,
156756,33765,35048,32841,35102,20329,22216,33423,32720,30012,16897,29717,28134,28351,28869,
156807,33779,35063,32820,35102,20336,22230,33410,32713,29998,16925,29767,28149,28343,28876,
156858,33787,35032,32870,35109,20344,22209,33424,32744,29984,16882,29767,28141,28335,28883,
156909,33816,35001,32820,35089,20329,22195,33416,32705,29971,16904,29724,28134,28397,28862,
156960,33779,35102,32856,35089,20336,22202,33423,32735,30040,16925,29703,28141,28358,28883,
157012,33815,35072,32820,35129,20329,22216,33416,32721,29991,16904,29738,28163,28343,28876,
157063,33795,35056,32870,35109,20329,22238,33423,32728,29963,16904,29753,28156,28343,28862,
157113,33765,35016,32849,35116,20359,22216,33423,32728,30075,16946,29725,28156,28359,28883,
157164,33808,35025,32834,35075,20351,22224,33423,32727,29984,16918,29766,28163,28358,28876,
157215,33830,35033,32849,35122,20344,22224,33417,32720,30006,16918,29731,28163,28358,28883,
157265,33815,35009,32842,35082,20321,22231,33416,32743,30007,16925,29710,28134,28351,28862,
157317,33759,35048,32827,35088,20321,22209,33430,32704,29992,16904,29774,28135,28344,28876,
157367,33772,35017,32834,35069,20351,22224,33424,32705,29998,16918,29746,28163,28328,28876,
157419,33765,35056,32878,35075,20344,22195,33409,32704,30006,16918,29767,28149,28389,28869,
157470,33794,35017,32820,35109,20344,22231,33417,32720,29984,16925,29767,28156,28351,28876,
157520,33787,35064,32863,35150,20344,22195,33410,32713,29983,16918,29781,28142,28343,28883,
157572,33794,35033,32842,35082,20359,22216,33416,32736,30012,16883,29717,28156,28320,28876,
157623,33815,35017,32864,35109,20329,22238,33417,32305,29977,16897,29760,28134,28328,28876,
157674,33758,35072,32835,35102,20336,22245,33417,32743,29998,16882,29753,28142,28366,28876,
157725,33787,35056,32834,35109,20329,22217,33410,32705,30007,16939,29724,28206,28420,28890,
157777,33780,35064,32834,35096,20344,22195,33410,32728,30034,16882,29731,28127,28343,28876,
157828,33802,35041,32827,35102,20336,22252,33403,32744,30012,16911,29724,28156,28328,28904,
157878,33801,35009,32885,35130,20336,22202,33423,32689,29984,16982,29725,28134,28351,28869,
157929,33816,35041,32827,35129,20351,22209,33410,32713,30013,16890,29753,28156,28366,28869,
157980,33786,35048,32827,35116,20366,22252,33424,32728,30054,16932,29710,28149,28405,28883,
